發佈時間,標題,描述,來源,連結,GUID,類別,標籤,圖片,更新時間
2023-01-12 08:00:00,NVIDIA Broadcast 1.4 Adds Eye Contact and Vignette Effects With Virtual Background Enhancements | GeForce News - NVIDIA Daily News Report,"<a href=""https://news.google.com/rss/articles/CBMigAFBVV95cUxNLVRYd1lDWXhlWWdyTU9vd0c5anJhRDV6SnFQb1dhd3daeW5KYlBBa3NTeExVcHByelJiR3ctYXpUZHZWOWtyalNOTmRQcDM3a1B6NXFnSzdQUFA0azMya2c3cTB5dzYtUGVxdG03ZjZ6eFhqU2lEV3RuZWt3bmp5RQ?oc=5"" target=""_blank"">NVIDIA Broadcast 1.4 Adds Eye Contact and Vignette Effects With Virtual Background Enhancements | GeForce News</a>&nbsp;&nbsp;<font color=""#6f6f6f"">NVIDIA Daily News Report</font>",NVIDIA Daily News Report,https://news.google.com/rss/articles/CBMigAFBVV95cUxNLVRYd1lDWXhlWWdyTU9vd0c5anJhRDV6SnFQb1dhd3daeW5KYlBBa3NTeExVcHByelJiR3ctYXpUZHZWOWtyalNOTmRQcDM3a1B6NXFnSzdQUFA0azMya2c3cTB5dzYtUGVxdG03ZjZ6eFhqU2lEV3RuZWt3bmp5RQ?oc=5,CBMigAFBVV95cUxNLVRYd1lDWXhlWWdyTU9vd0c5anJhRDV6SnFQb1dhd3daeW5KYlBBa3NTeExVcHByelJiR3ctYXpUZHZWOWtyalNOTmRQcDM3a1B6NXFnSzdQUFA0azMya2c3cTB5dzYtUGVxdG03ZjZ6eFhqU2lEV3RuZWt3bmp5RQ,N/A,N/A,N/A,"Thu, 12 Jan 2023 08:00:00 GMT"
2023-01-12 08:00:00,Nvidia boosts generative AI for biology with BioNeMo - VentureBeat,"<a href=""https://news.google.com/rss/articles/CBMihwFBVV95cUxPcnhTZDFIRDJXOFlYUWJvV3Vyc3VvbkRkUk04aktSVFd1LUtRRnIxV0VCSnFKT3ZjRGh3TFdrZ3pFc2Z0VG5wSDZ4OVRJX2ZGYzBNc1pDelpjUXdMc3NrX2JmQmMwVjVYcm1IMGMyb1V6U05faU1KRFktaDNVMVptckU1VlpyNlk?oc=5"" target=""_blank"">Nvidia boosts generative AI for biology with BioNeMo</a>&nbsp;&nbsp;<font color=""#6f6f6f"">VentureBeat</font>",VentureBeat,https://news.google.com/rss/articles/CBMihwFBVV95cUxPcnhTZDFIRDJXOFlYUWJvV3Vyc3VvbkRkUk04aktSVFd1LUtRRnIxV0VCSnFKT3ZjRGh3TFdrZ3pFc2Z0VG5wSDZ4OVRJX2ZGYzBNc1pDelpjUXdMc3NrX2JmQmMwVjVYcm1IMGMyb1V6U05faU1KRFktaDNVMVptckU1VlpyNlk?oc=5,CBMihwFBVV95cUxPcnhTZDFIRDJXOFlYUWJvV3Vyc3VvbkRkUk04aktSVFd1LUtRRnIxV0VCSnFKT3ZjRGh3TFdrZ3pFc2Z0VG5wSDZ4OVRJX2ZGYzBNc1pDelpjUXdMc3NrX2JmQmMwVjVYcm1IMGMyb1V6U05faU1KRFktaDNVMVptckU1VlpyNlk,N/A,N/A,N/A,"Thu, 12 Jan 2023 08:00:00 GMT"
2023-01-11 08:00:00,Nvidia GeForce RTX 4090 vs. RTX 4080: Which 4K GPU should you buy? - PCWorld,"<a href=""https://news.google.com/rss/articles/CBMifEFVX3lxTE5qRHNtajM5RTJVbWNQYkhsbjBydnFaUVhQZGZ4NGJvTkpUdzBxdTJVSlZaZ1owdjlSTXlwZllsOUdvWFVZUVViRlMyYTdYZGt4Tm5nZFRpLWxnX1p0amMzbXpRN0V4YUJmaDlDU0ctaHgyOTFFS3ZUM1ZFT1I?oc=5"" target=""_blank"">Nvidia GeForce RTX 4090 vs. RTX 4080: Which 4K GPU should you buy?</a>&nbsp;&nbsp;<font color=""#6f6f6f"">PCWorld</font>",PCWorld,https://news.google.com/rss/articles/CBMifEFVX3lxTE5qRHNtajM5RTJVbWNQYkhsbjBydnFaUVhQZGZ4NGJvTkpUdzBxdTJVSlZaZ1owdjlSTXlwZllsOUdvWFVZUVViRlMyYTdYZGt4Tm5nZFRpLWxnX1p0amMzbXpRN0V4YUJmaDlDU0ctaHgyOTFFS3ZUM1ZFT1I?oc=5,CBMifEFVX3lxTE5qRHNtajM5RTJVbWNQYkhsbjBydnFaUVhQZGZ4NGJvTkpUdzBxdTJVSlZaZ1owdjlSTXlwZllsOUdvWFVZUVViRlMyYTdYZGt4Tm5nZFRpLWxnX1p0amMzbXpRN0V4YUJmaDlDU0ctaHgyOTFFS3ZUM1ZFT1I,N/A,N/A,N/A,"Wed, 11 Jan 2023 08:00:00 GMT"
2023-01-11 08:00:00,NVIDIA RTX 4090: getting the right case for a MONSTER card by Jose Antunes - ProVideo Coalition - ProVideo Coalition,"<a href=""https://news.google.com/rss/articles/CBMilwFBVV95cUxOLXhWdnpJTVNKT1Q1b1o2aDY3Z0VMdmgtblBEbkwxOU5jd3NOdVo1UFZGbkJiVUFsOEFsYVg4TFpxZTBPMXBvQWdqZG8wcTg3WVJwOXhjc0tRU0l6OWYwUWlPTHB3cVo1RVMyY2hqUVcyckhJOFA3Z2o0XzB5M0VVNXoyUWR2QjdDSjJKclpnY2dhS0F5V3Yw0gGcAUFVX3lxTE5NM3Q5aTAyMWNYU3JkbmJKeUVtSDlzQ3ZoQndWUEd1dC1GX3JueGdYLU9ZbmNnb2hSR2Vpa25KOUVVTEhpQXFoOW5ON2Q3bFJRWW45WWVfOUV0WFNaNGxpUGpkRDAwcjF6YlgtTWdPdTR3RzU5VndTaFZaTjlORWNOUXE4WmtsUEl5aGRoX09ud3JvOEI4TTJyRXZzYw?oc=5"" target=""_blank"">NVIDIA RTX 4090: getting the right case for a MONSTER card by Jose Antunes - ProVideo Coalition</a>&nbsp;&nbsp;<font color=""#6f6f6f"">ProVideo Coalition</font>",ProVideo Coalition,https://news.google.com/rss/articles/CBMilwFBVV95cUxOLXhWdnpJTVNKT1Q1b1o2aDY3Z0VMdmgtblBEbkwxOU5jd3NOdVo1UFZGbkJiVUFsOEFsYVg4TFpxZTBPMXBvQWdqZG8wcTg3WVJwOXhjc0tRU0l6OWYwUWlPTHB3cVo1RVMyY2hqUVcyckhJOFA3Z2o0XzB5M0VVNXoyUWR2QjdDSjJKclpnY2dhS0F5V3Yw0gGcAUFVX3lxTE5NM3Q5aTAyMWNYU3JkbmJKeUVtSDlzQ3ZoQndWUEd1dC1GX3JueGdYLU9ZbmNnb2hSR2Vpa25KOUVVTEhpQXFoOW5ON2Q3bFJRWW45WWVfOUV0WFNaNGxpUGpkRDAwcjF6YlgtTWdPdTR3RzU5VndTaFZaTjlORWNOUXE4WmtsUEl5aGRoX09ud3JvOEI4TTJyRXZzYw?oc=5,CBMilwFBVV95cUxOLXhWdnpJTVNKT1Q1b1o2aDY3Z0VMdmgtblBEbkwxOU5jd3NOdVo1UFZGbkJiVUFsOEFsYVg4TFpxZTBPMXBvQWdqZG8wcTg3WVJwOXhjc0tRU0l6OWYwUWlPTHB3cVo1RVMyY2hqUVcyckhJOFA3Z2o0XzB5M0VVNXoyUWR2QjdDSjJKclpnY2dhS0F5V3Yw0gGcAUFVX3lxTE5NM3Q5aTAyMWNYU3JkbmJKeUVtSDlzQ3ZoQndWUEd1dC1GX3JueGdYLU9ZbmNnb2hSR2Vpa25KOUVVTEhpQXFoOW5ON2Q3bFJRWW45WWVfOUV0WFNaNGxpUGpkRDAwcjF6YlgtTWdPdTR3RzU5VndTaFZaTjlORWNOUXE4WmtsUEl5aGRoX09ud3JvOEI4TTJyRXZzYw,N/A,N/A,N/A,"Wed, 11 Jan 2023 08:00:00 GMT"
2023-01-12 08:00:00,PNY RTX 4080 XLR8 Verto review - PC Gamer,"<a href=""https://news.google.com/rss/articles/CBMigAFBVV95cUxOUU14c1lfRGhVckljcV9kQUo4NjVDU05adDJLa1B5amlUbFJWamtPV0tWRFFHRGs2VVVfYmhpX1BNNGdwLWdFM1hNSkRETm1YOUdYV3FtTHJxZmViRTRGN09SY0RieDhrSkxVMkxpUnRGUDdLdndsNXZqV2p6VlB0ag?oc=5"" target=""_blank"">PNY RTX 4080 XLR8 Verto review</a>&nbsp;&nbsp;<font color=""#6f6f6f"">PC Gamer</font>",PC Gamer,https://news.google.com/rss/articles/CBMigAFBVV95cUxOUU14c1lfRGhVckljcV9kQUo4NjVDU05adDJLa1B5amlUbFJWamtPV0tWRFFHRGs2VVVfYmhpX1BNNGdwLWdFM1hNSkRETm1YOUdYV3FtTHJxZmViRTRGN09SY0RieDhrSkxVMkxpUnRGUDdLdndsNXZqV2p6VlB0ag?oc=5,CBMigAFBVV95cUxOUU14c1lfRGhVckljcV9kQUo4NjVDU05adDJLa1B5amlUbFJWamtPV0tWRFFHRGs2VVVfYmhpX1BNNGdwLWdFM1hNSkRETm1YOUdYV3FtTHJxZmViRTRGN09SY0RieDhrSkxVMkxpUnRGUDdLdndsNXZqV2p6VlB0ag,N/A,N/A,N/A,"Thu, 12 Jan 2023 08:00:00 GMT"
2023-01-11 08:00:00,ATX 3.0: Do You Need to Upgrade Your PSU For Nvidia's RTX 40-Series GPUs? - MUO - MakeUseOf,"<a href=""https://news.google.com/rss/articles/CBMigAFBVV95cUxPSzJBeU9jR044Slg4aXMtMlFMblBVUXZOVWdBZ0l6Vm96RkVFaFZpY0QySnlWRU9WR0JPNDVfcEtSZE84Ul9abE9UOWxCVDRDR3lQYktQZXZ6SjhleWJ3dGpzcFZTcEZwd1BPdTI2RXFBTURBZHF2NHFaaFFHS3pZRw?oc=5"" target=""_blank"">ATX 3.0: Do You Need to Upgrade Your PSU For Nvidia's RTX 40-Series GPUs?</a>&nbsp;&nbsp;<font color=""#6f6f6f"">MUO - MakeUseOf</font>",MUO - MakeUseOf,https://news.google.com/rss/articles/CBMigAFBVV95cUxPSzJBeU9jR044Slg4aXMtMlFMblBVUXZOVWdBZ0l6Vm96RkVFaFZpY0QySnlWRU9WR0JPNDVfcEtSZE84Ul9abE9UOWxCVDRDR3lQYktQZXZ6SjhleWJ3dGpzcFZTcEZwd1BPdTI2RXFBTURBZHF2NHFaaFFHS3pZRw?oc=5,CBMigAFBVV95cUxPSzJBeU9jR044Slg4aXMtMlFMblBVUXZOVWdBZ0l6Vm96RkVFaFZpY0QySnlWRU9WR0JPNDVfcEtSZE84Ul9abE9UOWxCVDRDR3lQYktQZXZ6SjhleWJ3dGpzcFZTcEZwd1BPdTI2RXFBTURBZHF2NHFaaFFHS3pZRw,N/A,N/A,N/A,"Wed, 11 Jan 2023 08:00:00 GMT"
2023-01-12 08:00:00,Nvidia Broadcast can now deepfake your eyes to make you look at the camera - The Verge,"<a href=""https://news.google.com/rss/articles/CBMingFBVV95cUxNeHpVUVlFb1NwVTBycnNjQUhkTjdaVll1cldMaFFyM01jVlgwVUYtblNJTnM5VFhrOFVyS2x6SU5QNGpzQlVlLUl1UFhnbEhEV0h5Yjc2S1dJOFFFVUs5SURoWk5uTXlRN29vQjNBdXBQZnVPZHowdEJSLTl2YXg0c2dwSnpFRDdfSkhEQ2NlTUlEVEVGQ2RYeTVhemQ5dw?oc=5"" target=""_blank"">Nvidia Broadcast can now deepfake your eyes to make you look at the camera</a>&nbsp;&nbsp;<font color=""#6f6f6f"">The Verge</font>",The Verge,https://news.google.com/rss/articles/CBMingFBVV95cUxNeHpVUVlFb1NwVTBycnNjQUhkTjdaVll1cldMaFFyM01jVlgwVUYtblNJTnM5VFhrOFVyS2x6SU5QNGpzQlVlLUl1UFhnbEhEV0h5Yjc2S1dJOFFFVUs5SURoWk5uTXlRN29vQjNBdXBQZnVPZHowdEJSLTl2YXg0c2dwSnpFRDdfSkhEQ2NlTUlEVEVGQ2RYeTVhemQ5dw?oc=5,CBMingFBVV95cUxNeHpVUVlFb1NwVTBycnNjQUhkTjdaVll1cldMaFFyM01jVlgwVUYtblNJTnM5VFhrOFVyS2x6SU5QNGpzQlVlLUl1UFhnbEhEV0h5Yjc2S1dJOFFFVUs5SURoWk5uTXlRN29vQjNBdXBQZnVPZHowdEJSLTl2YXg0c2dwSnpFRDdfSkhEQ2NlTUlEVEVGQ2RYeTVhemQ5dw,N/A,N/A,N/A,"Thu, 12 Jan 2023 08:00:00 GMT"
2023-01-12 08:00:00,"NVIDIA, Evozyne Create Generative AI Model for Proteins - NVIDIA Blog","<a href=""https://news.google.com/rss/articles/CBMibkFVX3lxTFBUOE9STy16MnFfMnA0N3VLbjRIeHJDd1NMcjNIMDhPSWVLQVRmODk5aVRpc2ZuakhDZmVETS1ReGkxRkxFVnVUUFBUc0pTOV9OWGg4WkY1UlhzVVVkQl9USTk1bFozbWN0YTFrZ05R?oc=5"" target=""_blank"">NVIDIA, Evozyne Create Generative AI Model for Proteins</a>&nbsp;&nbsp;<font color=""#6f6f6f"">NVIDIA Blog</font>",NVIDIA Blog,https://news.google.com/rss/articles/CBMibkFVX3lxTFBUOE9STy16MnFfMnA0N3VLbjRIeHJDd1NMcjNIMDhPSWVLQVRmODk5aVRpc2ZuakhDZmVETS1ReGkxRkxFVnVUUFBUc0pTOV9OWGg4WkY1UlhzVVVkQl9USTk1bFozbWN0YTFrZ05R?oc=5,CBMibkFVX3lxTFBUOE9STy16MnFfMnA0N3VLbjRIeHJDd1NMcjNIMDhPSWVLQVRmODk5aVRpc2ZuakhDZmVETS1ReGkxRkxFVnVUUFBUc0pTOV9OWGg4WkY1UlhzVVVkQl9USTk1bFozbWN0YTFrZ05R,N/A,N/A,N/A,"Thu, 12 Jan 2023 08:00:00 GMT"
2023-01-12 08:00:00,What Is NVIDIA DLSS? Machine Learning for Gaming | HP® Tech Takes - HP.com,"<a href=""https://news.google.com/rss/articles/CBMia0FVX3lxTE16MnlNSUYtYkNtbGxEYklTVWU3M3FIM3MyM0JYeXBnSW9qWklMU0NzRTNQWVBDa18zcWhUNzl3dTlMTFJJdnZBZVRteHRCNzJnNTJLSmZGZUdGajlSbjNXR3V5aEp0LTdkcllj?oc=5"" target=""_blank"">What Is NVIDIA DLSS? Machine Learning for Gaming | HP® Tech Takes</a>&nbsp;&nbsp;<font color=""#6f6f6f"">HP.com</font>",HP.com,https://news.google.com/rss/articles/CBMia0FVX3lxTE16MnlNSUYtYkNtbGxEYklTVWU3M3FIM3MyM0JYeXBnSW9qWklMU0NzRTNQWVBDa18zcWhUNzl3dTlMTFJJdnZBZVRteHRCNzJnNTJLSmZGZUdGajlSbjNXR3V5aEp0LTdkcllj?oc=5,CBMia0FVX3lxTE16MnlNSUYtYkNtbGxEYklTVWU3M3FIM3MyM0JYeXBnSW9qWklMU0NzRTNQWVBDa18zcWhUNzl3dTlMTFJJdnZBZVRteHRCNzJnNTJLSmZGZUdGajlSbjNXR3V5aEp0LTdkcllj,N/A,N/A,N/A,"Thu, 12 Jan 2023 08:00:00 GMT"
2023-01-11 08:00:00,"NVIDIA RTX 4090 Laptops Are Almost Here, But Be Prepared For Sticker Shock - Screen Rant","<a href=""https://news.google.com/rss/articles/CBMib0FVX3lxTFBfV3M3TExCa0lLR2JoMlJzVGJxMWlJMEJhVzJrQ2tqTVJLOEZTUDU0QjdnVW45V3h5WnNiMDhDbk5YeWQxWlZZTVlmNFFjbUx4emVsdkY3a2hhQVFOS0V4THRzRlN4cGlqRmdVMU85Yw?oc=5"" target=""_blank"">NVIDIA RTX 4090 Laptops Are Almost Here, But Be Prepared For Sticker Shock</a>&nbsp;&nbsp;<font color=""#6f6f6f"">Screen Rant</font>",Screen Rant,https://news.google.com/rss/articles/CBMib0FVX3lxTFBfV3M3TExCa0lLR2JoMlJzVGJxMWlJMEJhVzJrQ2tqTVJLOEZTUDU0QjdnVW45V3h5WnNiMDhDbk5YeWQxWlZZTVlmNFFjbUx4emVsdkY3a2hhQVFOS0V4THRzRlN4cGlqRmdVMU85Yw?oc=5,CBMib0FVX3lxTFBfV3M3TExCa0lLR2JoMlJzVGJxMWlJMEJhVzJrQ2tqTVJLOEZTUDU0QjdnVW45V3h5WnNiMDhDbk5YeWQxWlZZTVlmNFFjbUx4emVsdkY3a2hhQVFOS0V4THRzRlN4cGlqRmdVMU85Yw,N/A,N/A,N/A,"Wed, 11 Jan 2023 08:00:00 GMT"
2023-01-11 08:00:00,The open source NVIDIA Vulkan driver 'NVK' begins to run games - GamingOnLinux,"<a href=""https://news.google.com/rss/articles/CBMioAFBVV95cUxPSGhzdGdMUTZQVTBlUUNCdlU0RjNzMl9sQlVWZVhSVG1qR0dyZVFOR0k5VTZlYUd0ZGVpRWhGa3JBc0tJOHlIWXU2WjBMWkdwekJZOHhlbXk3T285WmJ4SGVUNnRpQjROSjhsRUNxU3J6LW5SRXh2S3FtcmNSbG1ieVBYV01CWjYwUm1QYkh1S1pKYTE5SEZiTmZyYlUwM1JL?oc=5"" target=""_blank"">The open source NVIDIA Vulkan driver 'NVK' begins to run games</a>&nbsp;&nbsp;<font color=""#6f6f6f"">GamingOnLinux</font>",GamingOnLinux,https://news.google.com/rss/articles/CBMioAFBVV95cUxPSGhzdGdMUTZQVTBlUUNCdlU0RjNzMl9sQlVWZVhSVG1qR0dyZVFOR0k5VTZlYUd0ZGVpRWhGa3JBc0tJOHlIWXU2WjBMWkdwekJZOHhlbXk3T285WmJ4SGVUNnRpQjROSjhsRUNxU3J6LW5SRXh2S3FtcmNSbG1ieVBYV01CWjYwUm1QYkh1S1pKYTE5SEZiTmZyYlUwM1JL?oc=5,CBMioAFBVV95cUxPSGhzdGdMUTZQVTBlUUNCdlU0RjNzMl9sQlVWZVhSVG1qR0dyZVFOR0k5VTZlYUd0ZGVpRWhGa3JBc0tJOHlIWXU2WjBMWkdwekJZOHhlbXk3T285WmJ4SGVUNnRpQjROSjhsRUNxU3J6LW5SRXh2S3FtcmNSbG1ieVBYV01CWjYwUm1QYkh1S1pKYTE5SEZiTmZyYlUwM1JL,N/A,N/A,N/A,"Wed, 11 Jan 2023 08:00:00 GMT"
2023-01-11 08:00:00,How to Fix Nvidia GeForce Drivers Not Downloading or Installing - MUO - MakeUseOf,"<a href=""https://news.google.com/rss/articles/CBMiiwFBVV95cUxOYVVldnRCYVUwN1A4MV9xZWt0QlVETml3V21uZGpwTEJjbnRVMURmZC1wWGdJejMxell5VXhRVHk3Y1cxb0JJMmpnSEJ3LXdoOU93SHJmOTZpNHk1UTZzX0FMSDA1Q2JDeGxUTXB6TkQxVkhNREtkdFhUYjkwOExnWjY2U1RrYmhJWUdJ?oc=5"" target=""_blank"">How to Fix Nvidia GeForce Drivers Not Downloading or Installing</a>&nbsp;&nbsp;<font color=""#6f6f6f"">MUO - MakeUseOf</font>",MUO - MakeUseOf,https://news.google.com/rss/articles/CBMiiwFBVV95cUxOYVVldnRCYVUwN1A4MV9xZWt0QlVETml3V21uZGpwTEJjbnRVMURmZC1wWGdJejMxell5VXhRVHk3Y1cxb0JJMmpnSEJ3LXdoOU93SHJmOTZpNHk1UTZzX0FMSDA1Q2JDeGxUTXB6TkQxVkhNREtkdFhUYjkwOExnWjY2U1RrYmhJWUdJ?oc=5,CBMiiwFBVV95cUxOYVVldnRCYVUwN1A4MV9xZWt0QlVETml3V21uZGpwTEJjbnRVMURmZC1wWGdJejMxell5VXhRVHk3Y1cxb0JJMmpnSEJ3LXdoOU93SHJmOTZpNHk1UTZzX0FMSDA1Q2JDeGxUTXB6TkQxVkhNREtkdFhUYjkwOExnWjY2U1RrYmhJWUdJ,N/A,N/A,N/A,"Wed, 11 Jan 2023 08:00:00 GMT"
2023-01-12 08:00:00,NVIDIA Helps Retail Industry Tackle Its $100 Billion Shrink Problem - NVIDIA Blog,"<a href=""https://news.google.com/rss/articles/CBMiX0FVX3lxTFBwdFVzalBYMjM4WkpxVU9DeGxqTlB3OGdnR19qUkJpbldrR294b1dLNDdidFk3by1lT1AtZG0yaHdGZXBWZkNzUzhaaXZvSl9acXMzTldQell2TGM3N0xr?oc=5"" target=""_blank"">NVIDIA Helps Retail Industry Tackle Its $100 Billion Shrink Problem</a>&nbsp;&nbsp;<font color=""#6f6f6f"">NVIDIA Blog</font>",NVIDIA Blog,https://news.google.com/rss/articles/CBMiX0FVX3lxTFBwdFVzalBYMjM4WkpxVU9DeGxqTlB3OGdnR19qUkJpbldrR294b1dLNDdidFk3by1lT1AtZG0yaHdGZXBWZkNzUzhaaXZvSl9acXMzTldQell2TGM3N0xr?oc=5,CBMiX0FVX3lxTFBwdFVzalBYMjM4WkpxVU9DeGxqTlB3OGdnR19qUkJpbldrR294b1dLNDdidFk3by1lT1AtZG0yaHdGZXBWZkNzUzhaaXZvSl9acXMzTldQell2TGM3N0xr,N/A,N/A,N/A,"Thu, 12 Jan 2023 08:00:00 GMT"
2023-01-12 08:00:00,"Nvidia's email verification service went down today, but is back now with some delays - PC Gamer","<a href=""https://news.google.com/rss/articles/CBMiswFBVV95cUxOMmE3amYtWGZJazh3NDVRcGxhWGc1UF9JbVlnZzJ6RTZDUVBmMXlmZFdNbnNHU0F4QUE4OHRDTlRSa2lTUEx3NDFDTWZ6Wmp0WEJxYk5nbnQxekQ1YXVZakprUERCMTB1Nkw5Vl9wOGRzenRNVGw2RTVlMUliNlZCS0tCUjQ5R0U2WncwZUgwaFA1YkY2Qmk0Q096WlBqQmk3bFVfTEVleUttSE1PRl82OGxSVQ?oc=5"" target=""_blank"">Nvidia's email verification service went down today, but is back now with some delays</a>&nbsp;&nbsp;<font color=""#6f6f6f"">PC Gamer</font>",PC Gamer,https://news.google.com/rss/articles/CBMiswFBVV95cUxOMmE3amYtWGZJazh3NDVRcGxhWGc1UF9JbVlnZzJ6RTZDUVBmMXlmZFdNbnNHU0F4QUE4OHRDTlRSa2lTUEx3NDFDTWZ6Wmp0WEJxYk5nbnQxekQ1YXVZakprUERCMTB1Nkw5Vl9wOGRzenRNVGw2RTVlMUliNlZCS0tCUjQ5R0U2WncwZUgwaFA1YkY2Qmk0Q096WlBqQmk3bFVfTEVleUttSE1PRl82OGxSVQ?oc=5,CBMiswFBVV95cUxOMmE3amYtWGZJazh3NDVRcGxhWGc1UF9JbVlnZzJ6RTZDUVBmMXlmZFdNbnNHU0F4QUE4OHRDTlRSa2lTUEx3NDFDTWZ6Wmp0WEJxYk5nbnQxekQ1YXVZakprUERCMTB1Nkw5Vl9wOGRzenRNVGw2RTVlMUliNlZCS0tCUjQ5R0U2WncwZUgwaFA1YkY2Qmk0Q096WlBqQmk3bFVfTEVleUttSE1PRl82OGxSVQ,N/A,N/A,N/A,"Thu, 12 Jan 2023 08:00:00 GMT"
2023-01-12 08:00:00,GFN Thursday Adds New Titles From THQ Nordic to GeForce NOW - NVIDIA Blog,"<a href=""https://news.google.com/rss/articles/CBMiakFVX3lxTFB1cFFmNERGZVd0UDFEdFRtNHNkZ3FocTBkNVBmbWZQd1RMQU55VkhldDYtNkcwczQ3aGFtcUJSUll4N3JRdi11Y1M1My1VdXFJNXc1cmx6cmNCbXc2OEs5VTR6ZzBaVUpGMUE?oc=5"" target=""_blank"">GFN Thursday Adds New Titles From THQ Nordic to GeForce NOW</a>&nbsp;&nbsp;<font color=""#6f6f6f"">NVIDIA Blog</font>",NVIDIA Blog,https://news.google.com/rss/articles/CBMiakFVX3lxTFB1cFFmNERGZVd0UDFEdFRtNHNkZ3FocTBkNVBmbWZQd1RMQU55VkhldDYtNkcwczQ3aGFtcUJSUll4N3JRdi11Y1M1My1VdXFJNXc1cmx6cmNCbXc2OEs5VTR6ZzBaVUpGMUE?oc=5,CBMiakFVX3lxTFB1cFFmNERGZVd0UDFEdFRtNHNkZ3FocTBkNVBmbWZQd1RMQU55VkhldDYtNkcwczQ3aGFtcUJSUll4N3JRdi11Y1M1My1VdXFJNXc1cmx6cmNCbXc2OEs5VTR6ZzBaVUpGMUE,N/A,N/A,N/A,"Thu, 12 Jan 2023 08:00:00 GMT"
2023-01-11 08:00:00,3D Artist ‘CG Geek’ Builds Massive Sci-Fi World in Record Time This Week ‘In the NVIDIA Studio’ - NVIDIA Blog,"<a href=""https://news.google.com/rss/articles/CBMib0FVX3lxTE5NaktFR2NhMmcycFQ2dW94amF3Z1haUUtYb2FzdWc4eC1FY2lMSWNwY3FudGpWN2NONWdPTlBvWmpPQ2ZOTDJQMUZ5R1RjWEwzUnNma0VmR1dyWEpWUE9USjNvcm1iOGh6akdJMEtzaw?oc=5"" target=""_blank"">3D Artist ‘CG Geek’ Builds Massive Sci-Fi World in Record Time This Week ‘In the NVIDIA Studio’</a>&nbsp;&nbsp;<font color=""#6f6f6f"">NVIDIA Blog</font>",NVIDIA Blog,https://news.google.com/rss/articles/CBMib0FVX3lxTE5NaktFR2NhMmcycFQ2dW94amF3Z1haUUtYb2FzdWc4eC1FY2lMSWNwY3FudGpWN2NONWdPTlBvWmpPQ2ZOTDJQMUZ5R1RjWEwzUnNma0VmR1dyWEpWUE9USjNvcm1iOGh6akdJMEtzaw?oc=5,CBMib0FVX3lxTE5NaktFR2NhMmcycFQ2dW94amF3Z1haUUtYb2FzdWc4eC1FY2lMSWNwY3FudGpWN2NONWdPTlBvWmpPQ2ZOTDJQMUZ5R1RjWEwzUnNma0VmR1dyWEpWUE9USjNvcm1iOGh6akdJMEtzaw,N/A,N/A,N/A,"Wed, 11 Jan 2023 08:00:00 GMT"
2023-01-12 08:00:00,"Access to Nvidia's GeForce Experience, GeForce Now Blocked Due to Glitch - Tom's Hardware","<a href=""https://news.google.com/rss/articles/CBMipgFBVV95cUxONFhZWG8zQzBqZXk1bV9pNERWbVhiTm9vcHJEN0ljb2VIUmNpbFg3OFFvdUN5eTNsTHM3VzVSNzM3U1g4YmlPNGhBSGNndGdjdWxXV1VRZ3UyY3Z5MnRlZ3RHOEI0cm5iN1I0VUFNUlVTOVowQ05XRU5NSG9PUzVSVDNNb3FMcll5bUtyeFdacE1XTi1DenZIeXUxSWJkRUdfQzhHdG13?oc=5"" target=""_blank"">Access to Nvidia's GeForce Experience, GeForce Now Blocked Due to Glitch</a>&nbsp;&nbsp;<font color=""#6f6f6f"">Tom's Hardware</font>",Tom's Hardware,https://news.google.com/rss/articles/CBMipgFBVV95cUxONFhZWG8zQzBqZXk1bV9pNERWbVhiTm9vcHJEN0ljb2VIUmNpbFg3OFFvdUN5eTNsTHM3VzVSNzM3U1g4YmlPNGhBSGNndGdjdWxXV1VRZ3UyY3Z5MnRlZ3RHOEI0cm5iN1I0VUFNUlVTOVowQ05XRU5NSG9PUzVSVDNNb3FMcll5bUtyeFdacE1XTi1DenZIeXUxSWJkRUdfQzhHdG13?oc=5,CBMipgFBVV95cUxONFhZWG8zQzBqZXk1bV9pNERWbVhiTm9vcHJEN0ljb2VIUmNpbFg3OFFvdUN5eTNsTHM3VzVSNzM3U1g4YmlPNGhBSGNndGdjdWxXV1VRZ3UyY3Z5MnRlZ3RHOEI0cm5iN1I0VUFNUlVTOVowQ05XRU5NSG9PUzVSVDNNb3FMcll5bUtyeFdacE1XTi1DenZIeXUxSWJkRUdfQzhHdG13,N/A,N/A,N/A,"Thu, 12 Jan 2023 08:00:00 GMT"
2023-01-12 08:00:00,NVIDIA & Valve In-Talks To Optimize GeForce Now For Steam Deck In Future Release - Wccftech,"<a href=""https://news.google.com/rss/articles/CBMiogFBVV95cUxNT2dITUdqMUlhVllFUDVlZUJ5OUtvOXFJZUZPUlBGN2VKUlRuVHV3MGlmQUZTLUNoUEt4QUg1d3h3X3FoaWhYVDE1SEFnVG96YmR4NTFiMjZoS0JWZ0JjRkRSRlhCQ2ozZXJGV1VVakxyNE5ieXhxTWFtSHE3U0kxYmw4R2ZpVXVLbkFMWXFxd2VaVGVEbkFVa09sMlZLZWh4Y0HSAacBQVVfeXFMTlI1cldmOC1wMHgyM1h2Sl9veUlsaVA4a3FFVWJyVHYzSE1YX1pmdnNGX20tTFB0OEU1TjRoUVdFWVNRMUlEQ2RzODREUWFKSUkwVUhBTmJLZkNEYkJjZUVkREZvSG5WS2hiMW9RYk9EemlpM2ZpeVNlRXpoaWR5U3M3b001c0xqb0ZyS2cyQTNmVnNxSXhKSHFfczYwakh4WU1ZcXNuMTQ?oc=5"" target=""_blank"">NVIDIA & Valve In-Talks To Optimize GeForce Now For Steam Deck In Future Release</a>&nbsp;&nbsp;<font color=""#6f6f6f"">Wccftech</font>",Wccftech,https://news.google.com/rss/articles/CBMiogFBVV95cUxNT2dITUdqMUlhVllFUDVlZUJ5OUtvOXFJZUZPUlBGN2VKUlRuVHV3MGlmQUZTLUNoUEt4QUg1d3h3X3FoaWhYVDE1SEFnVG96YmR4NTFiMjZoS0JWZ0JjRkRSRlhCQ2ozZXJGV1VVakxyNE5ieXhxTWFtSHE3U0kxYmw4R2ZpVXVLbkFMWXFxd2VaVGVEbkFVa09sMlZLZWh4Y0HSAacBQVVfeXFMTlI1cldmOC1wMHgyM1h2Sl9veUlsaVA4a3FFVWJyVHYzSE1YX1pmdnNGX20tTFB0OEU1TjRoUVdFWVNRMUlEQ2RzODREUWFKSUkwVUhBTmJLZkNEYkJjZUVkREZvSG5WS2hiMW9RYk9EemlpM2ZpeVNlRXpoaWR5U3M3b001c0xqb0ZyS2cyQTNmVnNxSXhKSHFfczYwakh4WU1ZcXNuMTQ?oc=5,CBMiogFBVV95cUxNT2dITUdqMUlhVllFUDVlZUJ5OUtvOXFJZUZPUlBGN2VKUlRuVHV3MGlmQUZTLUNoUEt4QUg1d3h3X3FoaWhYVDE1SEFnVG96YmR4NTFiMjZoS0JWZ0JjRkRSRlhCQ2ozZXJGV1VVakxyNE5ieXhxTWFtSHE3U0kxYmw4R2ZpVXVLbkFMWXFxd2VaVGVEbkFVa09sMlZLZWh4Y0HSAacBQVVfeXFMTlI1cldmOC1wMHgyM1h2Sl9veUlsaVA4a3FFVWJyVHYzSE1YX1pmdnNGX20tTFB0OEU1TjRoUVdFWVNRMUlEQ2RzODREUWFKSUkwVUhBTmJLZkNEYkJjZUVkREZvSG5WS2hiMW9RYk9EemlpM2ZpeVNlRXpoaWR5U3M3b001c0xqb0ZyS2cyQTNmVnNxSXhKSHFfczYwakh4WU1ZcXNuMTQ,N/A,N/A,N/A,"Thu, 12 Jan 2023 08:00:00 GMT"
2023-01-11 08:00:00,Gaming Laptop Retailer Reveals Shocking Price For NVIDIA's Mobile GeForce RTX 4090 GPU - Hot Hardware,"<a href=""https://news.google.com/rss/articles/CBMikgFBVV95cUxPZHpJbDI5dmd0VFVUN181ZldTdFVWamk5M3ZlUjc4MVpIRDBXZnl0R2xmN0twczc4dGpuLWxaSmtNRWJxR0R3TG1ibTI1TzlnTGtwX3prVmJYYTY4VEl1YkNNRGdCOGlaRkNVNk0yQjJkQm9oYThsdjFSNXd0Z0V4OEUwYWFBVFNQam50NzdadEpuUQ?oc=5"" target=""_blank"">Gaming Laptop Retailer Reveals Shocking Price For NVIDIA's Mobile GeForce RTX 4090 GPU</a>&nbsp;&nbsp;<font color=""#6f6f6f"">Hot Hardware</font>",Hot Hardware,https://news.google.com/rss/articles/CBMikgFBVV95cUxPZHpJbDI5dmd0VFVUN181ZldTdFVWamk5M3ZlUjc4MVpIRDBXZnl0R2xmN0twczc4dGpuLWxaSmtNRWJxR0R3TG1ibTI1TzlnTGtwX3prVmJYYTY4VEl1YkNNRGdCOGlaRkNVNk0yQjJkQm9oYThsdjFSNXd0Z0V4OEUwYWFBVFNQam50NzdadEpuUQ?oc=5,CBMikgFBVV95cUxPZHpJbDI5dmd0VFVUN181ZldTdFVWamk5M3ZlUjc4MVpIRDBXZnl0R2xmN0twczc4dGpuLWxaSmtNRWJxR0R3TG1ibTI1TzlnTGtwX3prVmJYYTY4VEl1YkNNRGdCOGlaRkNVNk0yQjJkQm9oYThsdjFSNXd0Z0V4OEUwYWFBVFNQam50NzdadEpuUQ,N/A,N/A,N/A,"Wed, 11 Jan 2023 08:00:00 GMT"
2023-01-12 08:00:00,"Alienware AW3423DWF 34"" QD-OLED Review - TechSpot","<a href=""https://news.google.com/rss/articles/CBMiaEFVX3lxTE9nVmxPRDBnXzl3c0dLVEpaRjdIZmgzMWlsdmE5VzRqMVlfYUVtVVFaS3RvcnNLNmdTQm5fZUMwcHBDVUxkdzZoMFVOX1cyYUIza1UtdEtVZnJzS041RnA3TUZaQUVwVXE3?oc=5"" target=""_blank"">Alienware AW3423DWF 34"" QD-OLED Review</a>&nbsp;&nbsp;<font color=""#6f6f6f"">TechSpot</font>",TechSpot,https://news.google.com/rss/articles/CBMiaEFVX3lxTE9nVmxPRDBnXzl3c0dLVEpaRjdIZmgzMWlsdmE5VzRqMVlfYUVtVVFaS3RvcnNLNmdTQm5fZUMwcHBDVUxkdzZoMFVOX1cyYUIza1UtdEtVZnJzS041RnA3TUZaQUVwVXE3?oc=5,CBMiaEFVX3lxTE9nVmxPRDBnXzl3c0dLVEpaRjdIZmgzMWlsdmE5VzRqMVlfYUVtVVFaS3RvcnNLNmdTQm5fZUMwcHBDVUxkdzZoMFVOX1cyYUIza1UtdEtVZnJzS041RnA3TUZaQUVwVXE3,N/A,N/A,N/A,"Thu, 12 Jan 2023 08:00:00 GMT"
2023-01-12 08:00:00,BMW Motorrad x NVIDIA electric bike has swappable modules for flexibility of use - Yanko Design,"<a href=""https://news.google.com/rss/articles/CBMivAFBVV95cUxOSmdOd0xiWEd4MEZNZ3MteXZ3enRCanJDOXlnclJRT21JbnlXRUtfZENVWlJ6SF9mOXBWb1hQbklPYTZXd0VRMkNYTmk5N2dsdDVDUzdGOHNpSjZkTzBSNzJkSUxYcFFuTDRnMU5OMFkyc0UyR01KZ0dDMU9NLVgzNHBuclhBZEp0LWllbTVpSHE1R2xXRy1oSTRxOHQ2S29pZFNIeDR2TDRsUm5rM2VsQVJkc2lqZlFCajRuctIBwgFBVV95cUxOQzd1Z0txMGkxdld0UXhXWDl6VmZMLThyT0ItLW9kUEJObFhGd3ZYOW5zOUhKVGVQWER2UFludDJGWm1ma2JsV25hZEFkZ09pOXM5azlpdkczVENHekFkVDdZV210R0JodG5icXIyemFkOXRBNU9NZmVSODVldHVxOUZmeFNGckRuZGtrbzdJQXkzbjBXNlpRcmlnV1FndDEza3BwMkNEMkc2RmhFZ3ZtNFpHem1pc2dGejl1Q1o2THFEUQ?oc=5"" target=""_blank"">BMW Motorrad x NVIDIA electric bike has swappable modules for flexibility of use</a>&nbsp;&nbsp;<font color=""#6f6f6f"">Yanko Design</font>",Yanko Design,https://news.google.com/rss/articles/CBMivAFBVV95cUxOSmdOd0xiWEd4MEZNZ3MteXZ3enRCanJDOXlnclJRT21JbnlXRUtfZENVWlJ6SF9mOXBWb1hQbklPYTZXd0VRMkNYTmk5N2dsdDVDUzdGOHNpSjZkTzBSNzJkSUxYcFFuTDRnMU5OMFkyc0UyR01KZ0dDMU9NLVgzNHBuclhBZEp0LWllbTVpSHE1R2xXRy1oSTRxOHQ2S29pZFNIeDR2TDRsUm5rM2VsQVJkc2lqZlFCajRuctIBwgFBVV95cUxOQzd1Z0txMGkxdld0UXhXWDl6VmZMLThyT0ItLW9kUEJObFhGd3ZYOW5zOUhKVGVQWER2UFludDJGWm1ma2JsV25hZEFkZ09pOXM5azlpdkczVENHekFkVDdZV210R0JodG5icXIyemFkOXRBNU9NZmVSODVldHVxOUZmeFNGckRuZGtrbzdJQXkzbjBXNlpRcmlnV1FndDEza3BwMkNEMkc2RmhFZ3ZtNFpHem1pc2dGejl1Q1o2THFEUQ?oc=5,CBMivAFBVV95cUxOSmdOd0xiWEd4MEZNZ3MteXZ3enRCanJDOXlnclJRT21JbnlXRUtfZENVWlJ6SF9mOXBWb1hQbklPYTZXd0VRMkNYTmk5N2dsdDVDUzdGOHNpSjZkTzBSNzJkSUxYcFFuTDRnMU5OMFkyc0UyR01KZ0dDMU9NLVgzNHBuclhBZEp0LWllbTVpSHE1R2xXRy1oSTRxOHQ2S29pZFNIeDR2TDRsUm5rM2VsQVJkc2lqZlFCajRuctIBwgFBVV95cUxOQzd1Z0txMGkxdld0UXhXWDl6VmZMLThyT0ItLW9kUEJObFhGd3ZYOW5zOUhKVGVQWER2UFludDJGWm1ma2JsV25hZEFkZ09pOXM5azlpdkczVENHekFkVDdZV210R0JodG5icXIyemFkOXRBNU9NZmVSODVldHVxOUZmeFNGckRuZGtrbzdJQXkzbjBXNlpRcmlnV1FndDEza3BwMkNEMkc2RmhFZ3ZtNFpHem1pc2dGejl1Q1o2THFEUQ,N/A,N/A,N/A,"Thu, 12 Jan 2023 08:00:00 GMT"
2023-01-11 08:00:00,Can a South Korean startup take on Nvidia in the AI chips market? - Tech Wire Asia,"<a href=""https://news.google.com/rss/articles/CBMinwFBVV95cUxNQzVwa0NvSEt1aWRBVm5YcGxpYTE4TTFoUzRIcXV2OTh3Q3owam5UckNvZWNNMGpvY0stczQyWDdtNFlLemhsbG5GUV9BRlgyQVRpVlJjRXdKRHREdFBPMEVtNk9mSU1YY1pKQ0FXS3RzVW5qWU1DQksyRTh3Xzk0RGF5c2VTd0pxMmxhMnJSVWVZdkpQQW5lY0U3QnNmTU0?oc=5"" target=""_blank"">Can a South Korean startup take on Nvidia in the AI chips market?</a>&nbsp;&nbsp;<font color=""#6f6f6f"">Tech Wire Asia</font>",Tech Wire Asia,https://news.google.com/rss/articles/CBMinwFBVV95cUxNQzVwa0NvSEt1aWRBVm5YcGxpYTE4TTFoUzRIcXV2OTh3Q3owam5UckNvZWNNMGpvY0stczQyWDdtNFlLemhsbG5GUV9BRlgyQVRpVlJjRXdKRHREdFBPMEVtNk9mSU1YY1pKQ0FXS3RzVW5qWU1DQksyRTh3Xzk0RGF5c2VTd0pxMmxhMnJSVWVZdkpQQW5lY0U3QnNmTU0?oc=5,CBMinwFBVV95cUxNQzVwa0NvSEt1aWRBVm5YcGxpYTE4TTFoUzRIcXV2OTh3Q3owam5UckNvZWNNMGpvY0stczQyWDdtNFlLemhsbG5GUV9BRlgyQVRpVlJjRXdKRHREdFBPMEVtNk9mSU1YY1pKQ0FXS3RzVW5qWU1DQksyRTh3Xzk0RGF5c2VTd0pxMmxhMnJSVWVZdkpQQW5lY0U3QnNmTU0,N/A,N/A,N/A,"Wed, 11 Jan 2023 08:00:00 GMT"
2023-01-12 08:00:00,Mercedes-Benz Works with NVIDIA to Create Digital Twins of Its Factories - Electronic Design,"<a href=""https://news.google.com/rss/articles/CBMi9AFBVV95cUxQY0FDU080cUx5c3NTNUJ2cEVzc3IwNm95cWtLc0E5eVVYaDlmSkRpNFVCYVQ0TVFheDdLTFJmay1uV29kY28wbElfdnFkaUNNRDQwYjA5Wm1HV2pJazVvaDlMYVZfQjBNSTVyRHlUclprME5lbm9oQXVwVHNRT3dIa2hsY1hmSk5jS25NVlFKXzc3TXlMdW5PNnV5ckRfRnlJTEZhR1pGYTVrVERTQ1VIbE5RM0VsLUg1ZXFJbk93d21NQkI0UGE2SDFENFpNX2U2NU52aWx1LTJUU1NtSFRNelJSTTQyRF9tcTQ3c2ZTS0g5alRG?oc=5"" target=""_blank"">Mercedes-Benz Works with NVIDIA to Create Digital Twins of Its Factories</a>&nbsp;&nbsp;<font color=""#6f6f6f"">Electronic Design </font>",Electronic Design,https://news.google.com/rss/articles/CBMi9AFBVV95cUxQY0FDU080cUx5c3NTNUJ2cEVzc3IwNm95cWtLc0E5eVVYaDlmSkRpNFVCYVQ0TVFheDdLTFJmay1uV29kY28wbElfdnFkaUNNRDQwYjA5Wm1HV2pJazVvaDlMYVZfQjBNSTVyRHlUclprME5lbm9oQXVwVHNRT3dIa2hsY1hmSk5jS25NVlFKXzc3TXlMdW5PNnV5ckRfRnlJTEZhR1pGYTVrVERTQ1VIbE5RM0VsLUg1ZXFJbk93d21NQkI0UGE2SDFENFpNX2U2NU52aWx1LTJUU1NtSFRNelJSTTQyRF9tcTQ3c2ZTS0g5alRG?oc=5,CBMi9AFBVV95cUxQY0FDU080cUx5c3NTNUJ2cEVzc3IwNm95cWtLc0E5eVVYaDlmSkRpNFVCYVQ0TVFheDdLTFJmay1uV29kY28wbElfdnFkaUNNRDQwYjA5Wm1HV2pJazVvaDlMYVZfQjBNSTVyRHlUclprME5lbm9oQXVwVHNRT3dIa2hsY1hmSk5jS25NVlFKXzc3TXlMdW5PNnV5ckRfRnlJTEZhR1pGYTVrVERTQ1VIbE5RM0VsLUg1ZXFJbk93d21NQkI0UGE2SDFENFpNX2U2NU52aWx1LTJUU1NtSFRNelJSTTQyRF9tcTQ3c2ZTS0g5alRG,N/A,N/A,N/A,"Thu, 12 Jan 2023 08:00:00 GMT"
2023-01-12 08:00:00,RTX 4070 Ti vs RTX 4080: Nvidia's latest graphics cards go head to head - TechRadar,"<a href=""https://news.google.com/rss/articles/CBMiZ0FVX3lxTE1JWnUzMThHZGRiSlc0S3NGenVWRENMeEtnMDROMHoxbmpEVldvcnE3ZlZLbmRXWExNa1d0LTc4RWd5bFlVc0lUQmpJeGJYeUk2dmc3MW00YmtNel9vTll0alI2QlpWblU?oc=5"" target=""_blank"">RTX 4070 Ti vs RTX 4080: Nvidia's latest graphics cards go head to head</a>&nbsp;&nbsp;<font color=""#6f6f6f"">TechRadar</font>",TechRadar,https://news.google.com/rss/articles/CBMiZ0FVX3lxTE1JWnUzMThHZGRiSlc0S3NGenVWRENMeEtnMDROMHoxbmpEVldvcnE3ZlZLbmRXWExNa1d0LTc4RWd5bFlVc0lUQmpJeGJYeUk2dmc3MW00YmtNel9vTll0alI2QlpWblU?oc=5,CBMiZ0FVX3lxTE1JWnUzMThHZGRiSlc0S3NGenVWRENMeEtnMDROMHoxbmpEVldvcnE3ZlZLbmRXWExNa1d0LTc4RWd5bFlVc0lUQmpJeGJYeUk2dmc3MW00YmtNel9vTll0alI2QlpWblU,N/A,N/A,N/A,"Thu, 12 Jan 2023 08:00:00 GMT"
2023-01-12 08:00:00,Google and Nvidia Express Concerns to FTC Over Microsoft's Activision Blizzard Acquisition - VGChartz,"<a href=""https://news.google.com/rss/articles/CBMiygFBVV95cUxQY05SSGZ6NnFxVVpncEt1VzE0N3FZZkQxQWJ5OHdrRHZ6M0gxbjVneUxZZlFDekVtOUxHeURpc1RFX1VBRUxNWjBqT3BWSTQ3T3Y5NFZidEJnN09mQy1vTEc1SWR5NmxUdVZXZ29qN3QyRWR4YlZaYi1fNHFTbFVsNHVuelJsTnEtYXlpalliWElMeHduN0FmRmNxVlk0TjdYZHp4OS1sSUpFcVNfdUxzbDJ2Rk9vUXo4OWtHQXphZ1lxRU9tVVJiU1dB?oc=5"" target=""_blank"">Google and Nvidia Express Concerns to FTC Over Microsoft's Activision Blizzard Acquisition</a>&nbsp;&nbsp;<font color=""#6f6f6f"">VGChartz</font>",VGChartz,https://news.google.com/rss/articles/CBMiygFBVV95cUxQY05SSGZ6NnFxVVpncEt1VzE0N3FZZkQxQWJ5OHdrRHZ6M0gxbjVneUxZZlFDekVtOUxHeURpc1RFX1VBRUxNWjBqT3BWSTQ3T3Y5NFZidEJnN09mQy1vTEc1SWR5NmxUdVZXZ29qN3QyRWR4YlZaYi1fNHFTbFVsNHVuelJsTnEtYXlpalliWElMeHduN0FmRmNxVlk0TjdYZHp4OS1sSUpFcVNfdUxzbDJ2Rk9vUXo4OWtHQXphZ1lxRU9tVVJiU1dB?oc=5,CBMiygFBVV95cUxQY05SSGZ6NnFxVVpncEt1VzE0N3FZZkQxQWJ5OHdrRHZ6M0gxbjVneUxZZlFDekVtOUxHeURpc1RFX1VBRUxNWjBqT3BWSTQ3T3Y5NFZidEJnN09mQy1vTEc1SWR5NmxUdVZXZ29qN3QyRWR4YlZaYi1fNHFTbFVsNHVuelJsTnEtYXlpalliWElMeHduN0FmRmNxVlk0TjdYZHp4OS1sSUpFcVNfdUxzbDJ2Rk9vUXo4OWtHQXphZ1lxRU9tVVJiU1dB,N/A,N/A,N/A,"Thu, 12 Jan 2023 08:00:00 GMT"
2023-01-12 08:00:00,TSMC might lower 3nm costs to attract companies like NVIDIA and AMD - TweakTown,"<a href=""https://news.google.com/rss/articles/CBMitgFBVV95cUxNQnFXXzNINUt5SDFKckNIZTNvQTR1VTRkZDh3UVRXMVRkY2FMc2R1OUdHLTVoalB3R05KV3hFSURjZ0hETTZVTHZiTXJwZ0tRbGhsSlRyeHR6MS1BUFVtZWZFUmp4ZGJzWUxxWWU5dExjTmNETXg5ZmtIYUMzdkFuU0dIYVJfZElEZDdudUgwMFZLRmR4TzFsZjk1ZnU3b2g1Y2ZJMDQxR1hnaHdlY0huT1VCTEJYdw?oc=5"" target=""_blank"">TSMC might lower 3nm costs to attract companies like NVIDIA and AMD</a>&nbsp;&nbsp;<font color=""#6f6f6f"">TweakTown</font>",TweakTown,https://news.google.com/rss/articles/CBMitgFBVV95cUxNQnFXXzNINUt5SDFKckNIZTNvQTR1VTRkZDh3UVRXMVRkY2FMc2R1OUdHLTVoalB3R05KV3hFSURjZ0hETTZVTHZiTXJwZ0tRbGhsSlRyeHR6MS1BUFVtZWZFUmp4ZGJzWUxxWWU5dExjTmNETXg5ZmtIYUMzdkFuU0dIYVJfZElEZDdudUgwMFZLRmR4TzFsZjk1ZnU3b2g1Y2ZJMDQxR1hnaHdlY0huT1VCTEJYdw?oc=5,CBMitgFBVV95cUxNQnFXXzNINUt5SDFKckNIZTNvQTR1VTRkZDh3UVRXMVRkY2FMc2R1OUdHLTVoalB3R05KV3hFSURjZ0hETTZVTHZiTXJwZ0tRbGhsSlRyeHR6MS1BUFVtZWZFUmp4ZGJzWUxxWWU5dExjTmNETXg5ZmtIYUMzdkFuU0dIYVJfZElEZDdudUgwMFZLRmR4TzFsZjk1ZnU3b2g1Y2ZJMDQxR1hnaHdlY0huT1VCTEJYdw,N/A,N/A,N/A,"Thu, 12 Jan 2023 08:00:00 GMT"
2023-01-12 08:00:00,HP’s OMEN lineup is bringing integrated cloud gaming to powerful PC’s with GeForce Now - 9to5Google,"<a href=""https://news.google.com/rss/articles/CBMigAFBVV95cUxPWW9reXRRR3IyRkJsYXJHYzUwS3hLTnM2bVJzTEdaTnRYbWlkbTdQMEY3QmhxMWo2SVd0TlZoS05DLWZGT0lPSlhsQmUtWF9yY0RfeHFWZk1oT0tFQWJsSGgtbEc1TUxDOUFvbE1BUjZGQ3YtUkp3X1B2QklNVEV1Sw?oc=5"" target=""_blank"">HP’s OMEN lineup is bringing integrated cloud gaming to powerful PC’s with GeForce Now</a>&nbsp;&nbsp;<font color=""#6f6f6f"">9to5Google</font>",9to5Google,https://news.google.com/rss/articles/CBMigAFBVV95cUxPWW9reXRRR3IyRkJsYXJHYzUwS3hLTnM2bVJzTEdaTnRYbWlkbTdQMEY3QmhxMWo2SVd0TlZoS05DLWZGT0lPSlhsQmUtWF9yY0RfeHFWZk1oT0tFQWJsSGgtbEc1TUxDOUFvbE1BUjZGQ3YtUkp3X1B2QklNVEV1Sw?oc=5,CBMigAFBVV95cUxPWW9reXRRR3IyRkJsYXJHYzUwS3hLTnM2bVJzTEdaTnRYbWlkbTdQMEY3QmhxMWo2SVd0TlZoS05DLWZGT0lPSlhsQmUtWF9yY0RfeHFWZk1oT0tFQWJsSGgtbEc1TUxDOUFvbE1BUjZGQ3YtUkp3X1B2QklNVEV1Sw,N/A,N/A,N/A,"Thu, 12 Jan 2023 08:00:00 GMT"
2023-01-12 08:00:00,"Hana chairman visits Google, Nvidia on firm's digital innovation drive - 코리아타임스","<a href=""https://news.google.com/rss/articles/CBMibEFVX3lxTE9qZ1R6cmRXc2s1SGdtZGZkU1RRRWFmMlUwRVBHakg5VHY5X0lzYS1IcUwybG1DUS1rLUY3bUtUeF9XYktLUzB1dDRTNHNfU2E5QVhsZGc0RWppanBtdVY1OGMwR0hhUVB4cThRY9IBcEFVX3lxTE9xbkFSNER2WFpsSUhqRkdWQ1YxMGt2SFJ6QnA5NWJ6NV9DaFk2ODNYZUpSWFExSS1CN3B3VTZfS0g0MXhiTVBUSXBTbnpqSkxqUXNkNV9xRnhVdm5xbUItM0ZYV2FyeC1ERDFoT0ZYWk0?oc=5"" target=""_blank"">Hana chairman visits Google, Nvidia on firm's digital innovation drive</a>&nbsp;&nbsp;<font color=""#6f6f6f"">코리아타임스</font>",코리아타임스,https://news.google.com/rss/articles/CBMibEFVX3lxTE9qZ1R6cmRXc2s1SGdtZGZkU1RRRWFmMlUwRVBHakg5VHY5X0lzYS1IcUwybG1DUS1rLUY3bUtUeF9XYktLUzB1dDRTNHNfU2E5QVhsZGc0RWppanBtdVY1OGMwR0hhUVB4cThRY9IBcEFVX3lxTE9xbkFSNER2WFpsSUhqRkdWQ1YxMGt2SFJ6QnA5NWJ6NV9DaFk2ODNYZUpSWFExSS1CN3B3VTZfS0g0MXhiTVBUSXBTbnpqSkxqUXNkNV9xRnhVdm5xbUItM0ZYV2FyeC1ERDFoT0ZYWk0?oc=5,CBMibEFVX3lxTE9qZ1R6cmRXc2s1SGdtZGZkU1RRRWFmMlUwRVBHakg5VHY5X0lzYS1IcUwybG1DUS1rLUY3bUtUeF9XYktLUzB1dDRTNHNfU2E5QVhsZGc0RWppanBtdVY1OGMwR0hhUVB4cThRY9IBcEFVX3lxTE9xbkFSNER2WFpsSUhqRkdWQ1YxMGt2SFJ6QnA5NWJ6NV9DaFk2ODNYZUpSWFExSS1CN3B3VTZfS0g0MXhiTVBUSXBTbnpqSkxqUXNkNV9xRnhVdm5xbUItM0ZYV2FyeC1ERDFoT0ZYWk0,N/A,N/A,N/A,"Thu, 12 Jan 2023 08:00:00 GMT"
2023-01-11 08:00:00,KFA2 GeForce RTX 3070 Ti SG desktop graphics card in review: Ampere is still good mid-range - Notebookcheck.net,"<a href=""https://news.google.com/rss/articles/CBMizwFBVV95cUxNbFhCbG94REFQMnJjNFhtQVh4SU5mdlBTRXctQmtWcEZPOC1XOFdZa2tNN25OczZJQmRKY2p6TmZna2x3YVNzZXJpMk03SUNGV3RuLVJwWVRrajVtLUR3dGhpaHVaRU8zN0NWeTBGUFdOMFVSdUYtS1R4X054UmdoV0xQd1l0WEJaQ2tqc21lR2ZGTnZSVWNfS2V5anVldGZaTVVuMlhQX0s1LVdwWGdfYzI1Qko2UFBmNnNVSlVTdTd0dUpraTJVUmVtMHZjV3c?oc=5"" target=""_blank"">KFA2 GeForce RTX 3070 Ti SG desktop graphics card in review: Ampere is still good mid-range</a>&nbsp;&nbsp;<font color=""#6f6f6f"">Notebookcheck.net</font>",Notebookcheck.net,https://news.google.com/rss/articles/CBMizwFBVV95cUxNbFhCbG94REFQMnJjNFhtQVh4SU5mdlBTRXctQmtWcEZPOC1XOFdZa2tNN25OczZJQmRKY2p6TmZna2x3YVNzZXJpMk03SUNGV3RuLVJwWVRrajVtLUR3dGhpaHVaRU8zN0NWeTBGUFdOMFVSdUYtS1R4X054UmdoV0xQd1l0WEJaQ2tqc21lR2ZGTnZSVWNfS2V5anVldGZaTVVuMlhQX0s1LVdwWGdfYzI1Qko2UFBmNnNVSlVTdTd0dUpraTJVUmVtMHZjV3c?oc=5,CBMizwFBVV95cUxNbFhCbG94REFQMnJjNFhtQVh4SU5mdlBTRXctQmtWcEZPOC1XOFdZa2tNN25OczZJQmRKY2p6TmZna2x3YVNzZXJpMk03SUNGV3RuLVJwWVRrajVtLUR3dGhpaHVaRU8zN0NWeTBGUFdOMFVSdUYtS1R4X054UmdoV0xQd1l0WEJaQ2tqc21lR2ZGTnZSVWNfS2V5anVldGZaTVVuMlhQX0s1LVdwWGdfYzI1Qko2UFBmNnNVSlVTdTd0dUpraTJVUmVtMHZjV3c,N/A,N/A,N/A,"Wed, 11 Jan 2023 08:00:00 GMT"
2023-01-11 08:00:00,"GeForce Now teases future support for more controllers, improvements on Steam Deck - 9to5Google","<a href=""https://news.google.com/rss/articles/CBMieEFVX3lxTE84aUZGcVJkcWJrdUdKa2JPVWljMmFSM0I2VjgwY2dfTzZ1b2xwZ1EtSnNxQk5HM0VzTWl6dlpkRDdyT0owVDhPSi0xS0Njc3FpVWJhM1U5OTVXVkF6UUxmckJfTlF5ZFFuZlpTbG9DN09CNFZ3ZGM4MQ?oc=5"" target=""_blank"">GeForce Now teases future support for more controllers, improvements on Steam Deck</a>&nbsp;&nbsp;<font color=""#6f6f6f"">9to5Google</font>",9to5Google,https://news.google.com/rss/articles/CBMieEFVX3lxTE84aUZGcVJkcWJrdUdKa2JPVWljMmFSM0I2VjgwY2dfTzZ1b2xwZ1EtSnNxQk5HM0VzTWl6dlpkRDdyT0owVDhPSi0xS0Njc3FpVWJhM1U5OTVXVkF6UUxmckJfTlF5ZFFuZlpTbG9DN09CNFZ3ZGM4MQ?oc=5,CBMieEFVX3lxTE84aUZGcVJkcWJrdUdKa2JPVWljMmFSM0I2VjgwY2dfTzZ1b2xwZ1EtSnNxQk5HM0VzTWl6dlpkRDdyT0owVDhPSi0xS0Njc3FpVWJhM1U5OTVXVkF6UUxmckJfTlF5ZFFuZlpTbG9DN09CNFZ3ZGM4MQ,N/A,N/A,N/A,"Wed, 11 Jan 2023 08:00:00 GMT"
2023-01-12 08:00:00,ProT-VAE & Nucleotide Transformer: New Models Enable Protein Engineering - THE DECODER,"<a href=""https://news.google.com/rss/articles/CBMimgFBVV95cUxPTHZLVHVQM1c0VVhhSDJQOEQxdjYyTmVMNTBWRTZsaG1sVVgtRzJKWk84LWNqZzFVN3k3XzZQbnhLLTIySGdBc3pGZGU4NzJhZ3g2WmFfOHN1LU42cGZvakxEV1BnTXZxY29PQXkwWVdqb0ZnbTNDM1BpQlgxUm1nNjRLNjA0eWdFR1VGSWpqaUxxQUd0UURzQW5R?oc=5"" target=""_blank"">ProT-VAE & Nucleotide Transformer: New Models Enable Protein Engineering</a>&nbsp;&nbsp;<font color=""#6f6f6f"">THE DECODER</font>",THE DECODER,https://news.google.com/rss/articles/CBMimgFBVV95cUxPTHZLVHVQM1c0VVhhSDJQOEQxdjYyTmVMNTBWRTZsaG1sVVgtRzJKWk84LWNqZzFVN3k3XzZQbnhLLTIySGdBc3pGZGU4NzJhZ3g2WmFfOHN1LU42cGZvakxEV1BnTXZxY29PQXkwWVdqb0ZnbTNDM1BpQlgxUm1nNjRLNjA0eWdFR1VGSWpqaUxxQUd0UURzQW5R?oc=5,CBMimgFBVV95cUxPTHZLVHVQM1c0VVhhSDJQOEQxdjYyTmVMNTBWRTZsaG1sVVgtRzJKWk84LWNqZzFVN3k3XzZQbnhLLTIySGdBc3pGZGU4NzJhZ3g2WmFfOHN1LU42cGZvakxEV1BnTXZxY29PQXkwWVdqb0ZnbTNDM1BpQlgxUm1nNjRLNjA0eWdFR1VGSWpqaUxxQUd0UURzQW5R,N/A,N/A,N/A,"Thu, 12 Jan 2023 08:00:00 GMT"
2023-01-12 08:00:00,China Develops Chip To Rival Nvidia’s Powerful A100 - ChannelNews,"<a href=""https://news.google.com/rss/articles/CBMiigFBVV95cUxOeXhrSFNqUHphMWlUMWc5NkF6dVl1NXBfYy1xVXJwUjR6SEU0TExxU2RKX0JNMDNURzFUMFZsNWp0QXBkUHc2WldZYU90M29MQUg5Tk9uS0NOOC1BaVRQeHV6bGlOdHNmLU5scVEtZ3N5OHZ2MWRiN3NrSDMzc2xURGpBTlBFVlg2dXc?oc=5"" target=""_blank"">China Develops Chip To Rival Nvidia’s Powerful A100</a>&nbsp;&nbsp;<font color=""#6f6f6f"">ChannelNews</font>",ChannelNews,https://news.google.com/rss/articles/CBMiigFBVV95cUxOeXhrSFNqUHphMWlUMWc5NkF6dVl1NXBfYy1xVXJwUjR6SEU0TExxU2RKX0JNMDNURzFUMFZsNWp0QXBkUHc2WldZYU90M29MQUg5Tk9uS0NOOC1BaVRQeHV6bGlOdHNmLU5scVEtZ3N5OHZ2MWRiN3NrSDMzc2xURGpBTlBFVlg2dXc?oc=5,CBMiigFBVV95cUxOeXhrSFNqUHphMWlUMWc5NkF6dVl1NXBfYy1xVXJwUjR6SEU0TExxU2RKX0JNMDNURzFUMFZsNWp0QXBkUHc2WldZYU90M29MQUg5Tk9uS0NOOC1BaVRQeHV6bGlOdHNmLU5scVEtZ3N5OHZ2MWRiN3NrSDMzc2xURGpBTlBFVlg2dXc,N/A,N/A,N/A,"Thu, 12 Jan 2023 08:00:00 GMT"
2023-01-12 08:00:00,MSI announces RTX 40 series laptop lineup - Animation Xpress,"<a href=""https://news.google.com/rss/articles/CBMihwFBVV95cUxPSVdVVUdFU3ZxaG5fbVRiSENSODVSbzlSSmNVMlNFOENRc1dSR3FTT2NoNEM2Y0IxX0wtMlZ4Y0htZDIweFExendsbGhSUTRsME84MFRzTkRBc0pDZkhNTEJsdFlYWVNLQV9BQ2tXZUlKTW1OQ0JKSnc0aDZHWXkwZHlwYXZsM2PSAY8BQVVfeXFMT0c0a2czWi1hTTVCdmc3YkZJb1Nna09xWmllU0xTWXdoNXhqemVDdEF1dEFOdGpKeDNOMTlEbDNMNXBVNDVyX2w3anJ4d0Y2WjV2VkE1NjhON0FMZmVTQ2V4em9ZYjFFZnc5VTNiV2VSZlFWUkRLVi1ybmdyVmMwTWx2ZnhmTURVRUhIZ0VLRVk?oc=5"" target=""_blank"">MSI announces RTX 40 series laptop lineup</a>&nbsp;&nbsp;<font color=""#6f6f6f"">Animation Xpress</font>",Animation Xpress,https://news.google.com/rss/articles/CBMihwFBVV95cUxPSVdVVUdFU3ZxaG5fbVRiSENSODVSbzlSSmNVMlNFOENRc1dSR3FTT2NoNEM2Y0IxX0wtMlZ4Y0htZDIweFExendsbGhSUTRsME84MFRzTkRBc0pDZkhNTEJsdFlYWVNLQV9BQ2tXZUlKTW1OQ0JKSnc0aDZHWXkwZHlwYXZsM2PSAY8BQVVfeXFMT0c0a2czWi1hTTVCdmc3YkZJb1Nna09xWmllU0xTWXdoNXhqemVDdEF1dEFOdGpKeDNOMTlEbDNMNXBVNDVyX2w3anJ4d0Y2WjV2VkE1NjhON0FMZmVTQ2V4em9ZYjFFZnc5VTNiV2VSZlFWUkRLVi1ybmdyVmMwTWx2ZnhmTURVRUhIZ0VLRVk?oc=5,CBMihwFBVV95cUxPSVdVVUdFU3ZxaG5fbVRiSENSODVSbzlSSmNVMlNFOENRc1dSR3FTT2NoNEM2Y0IxX0wtMlZ4Y0htZDIweFExendsbGhSUTRsME84MFRzTkRBc0pDZkhNTEJsdFlYWVNLQV9BQ2tXZUlKTW1OQ0JKSnc0aDZHWXkwZHlwYXZsM2PSAY8BQVVfeXFMT0c0a2czWi1hTTVCdmc3YkZJb1Nna09xWmllU0xTWXdoNXhqemVDdEF1dEFOdGpKeDNOMTlEbDNMNXBVNDVyX2w3anJ4d0Y2WjV2VkE1NjhON0FMZmVTQ2V4em9ZYjFFZnc5VTNiV2VSZlFWUkRLVi1ybmdyVmMwTWx2ZnhmTURVRUhIZ0VLRVk,N/A,N/A,N/A,"Thu, 12 Jan 2023 08:00:00 GMT"
2023-01-12 08:00:00,Price list: 5 best budget gaming laptops in Nepal for 2023 - Online Khabar (English),"<a href=""https://news.google.com/rss/articles/CBMif0FVX3lxTE5DU0N1WnZYOWRlRXk2Xy13b2l5VlliZzNpZENFcUJFTHU3SjA1bWE1a2htMDhJM0tBZEZEcVlIaGZiZkZ0bE5pWFJpSjJHTWt2SHVyTU53dVdwU2E3X3VYaFAyMHVzcmVVYzU3UWRsR2RUeXh0a2l0MFZIc2EyQU0?oc=5"" target=""_blank"">Price list: 5 best budget gaming laptops in Nepal for 2023</a>&nbsp;&nbsp;<font color=""#6f6f6f"">Online Khabar (English)</font>",Online Khabar (English),https://news.google.com/rss/articles/CBMif0FVX3lxTE5DU0N1WnZYOWRlRXk2Xy13b2l5VlliZzNpZENFcUJFTHU3SjA1bWE1a2htMDhJM0tBZEZEcVlIaGZiZkZ0bE5pWFJpSjJHTWt2SHVyTU53dVdwU2E3X3VYaFAyMHVzcmVVYzU3UWRsR2RUeXh0a2l0MFZIc2EyQU0?oc=5,CBMif0FVX3lxTE5DU0N1WnZYOWRlRXk2Xy13b2l5VlliZzNpZENFcUJFTHU3SjA1bWE1a2htMDhJM0tBZEZEcVlIaGZiZkZ0bE5pWFJpSjJHTWt2SHVyTU53dVdwU2E3X3VYaFAyMHVzcmVVYzU3UWRsR2RUeXh0a2l0MFZIc2EyQU0,N/A,N/A,N/A,"Thu, 12 Jan 2023 08:00:00 GMT"
2023-01-11 08:00:00,How To Enable Hardware Acceleration In Chromium On Ubuntu Or Linux Mint (VA-API Patched PPA Builds) - Linux Uprising,"<a href=""https://news.google.com/rss/articles/CBMigwFBVV95cUxPM1Y5UXQyLXRqRGt4cXlpQlVyLTNPaWVmUjQzNTVjaWhSdzdLbXU0Vk81S1Frdjhoa3JSMU41OENTRlc4a2Jra3JsOGVJZzRKc0hkeGRFTTg0LWhPOEZMblFzYlc1SkdxMzVaYy1zVUQxbVdsUjZqT0RUX0FGNnFFSElGYw?oc=5"" target=""_blank"">How To Enable Hardware Acceleration In Chromium On Ubuntu Or Linux Mint (VA-API Patched PPA Builds)</a>&nbsp;&nbsp;<font color=""#6f6f6f"">Linux Uprising</font>",Linux Uprising,https://news.google.com/rss/articles/CBMigwFBVV95cUxPM1Y5UXQyLXRqRGt4cXlpQlVyLTNPaWVmUjQzNTVjaWhSdzdLbXU0Vk81S1Frdjhoa3JSMU41OENTRlc4a2Jra3JsOGVJZzRKc0hkeGRFTTg0LWhPOEZMblFzYlc1SkdxMzVaYy1zVUQxbVdsUjZqT0RUX0FGNnFFSElGYw?oc=5,CBMigwFBVV95cUxPM1Y5UXQyLXRqRGt4cXlpQlVyLTNPaWVmUjQzNTVjaWhSdzdLbXU0Vk81S1Frdjhoa3JSMU41OENTRlc4a2Jra3JsOGVJZzRKc0hkeGRFTTg0LWhPOEZMblFzYlc1SkdxMzVaYy1zVUQxbVdsUjZqT0RUX0FGNnFFSElGYw,N/A,N/A,N/A,"Wed, 11 Jan 2023 08:00:00 GMT"
2023-01-11 08:00:00,Nvidia and Valve are working to make GeFroce Now work better on Steam Deck - gagadget.com,"<a href=""https://news.google.com/rss/articles/CBMiqgFBVV95cUxORkdwbFZqOFZqRXNBTm9MRWRkbWhGVS1XU0o2cVg1V21qQzVlUWZWdUt6dUppMi1vRmxXc25aeFd1NnBqczJ2WE1JbEdKd0RuSUM1U05hMUp5dXhvdllBTGRscjk2MTF2MzlLTVJZc2FXeDFxRWhxMEdLOEhnRG5LYUtwTndiMGlEMmtiNllQdm90Rmo4MWF3c29sZy1pbHhkeElvaWMxc3IwQdIBrwFBVV95cUxNTkJQNEhwX0xnOXB6RVBlV1FRaWpPcHp3X1gzYWpFQ2wyOV8tYTVuSzFFZWw4bWZIZUlMVUFTdG1BZzZEdmtTOXpzV2pRV1JsRzk1VE5RQ1d0d19hMXF6Z1pHa3pjSjRGbVExLXNpa05tbkFDN3lQNGJ4N0JURGhaenhCakJjRnVFRzVkZFdXS2x6X1Q4Umxja2VGNzJxMEIwcmhnaGFmZG9DZjNkYmVR?oc=5"" target=""_blank"">Nvidia and Valve are working to make GeFroce Now work better on Steam Deck</a>&nbsp;&nbsp;<font color=""#6f6f6f"">gagadget.com</font>",gagadget.com,https://news.google.com/rss/articles/CBMiqgFBVV95cUxORkdwbFZqOFZqRXNBTm9MRWRkbWhGVS1XU0o2cVg1V21qQzVlUWZWdUt6dUppMi1vRmxXc25aeFd1NnBqczJ2WE1JbEdKd0RuSUM1U05hMUp5dXhvdllBTGRscjk2MTF2MzlLTVJZc2FXeDFxRWhxMEdLOEhnRG5LYUtwTndiMGlEMmtiNllQdm90Rmo4MWF3c29sZy1pbHhkeElvaWMxc3IwQdIBrwFBVV95cUxNTkJQNEhwX0xnOXB6RVBlV1FRaWpPcHp3X1gzYWpFQ2wyOV8tYTVuSzFFZWw4bWZIZUlMVUFTdG1BZzZEdmtTOXpzV2pRV1JsRzk1VE5RQ1d0d19hMXF6Z1pHa3pjSjRGbVExLXNpa05tbkFDN3lQNGJ4N0JURGhaenhCakJjRnVFRzVkZFdXS2x6X1Q4Umxja2VGNzJxMEIwcmhnaGFmZG9DZjNkYmVR?oc=5,CBMiqgFBVV95cUxORkdwbFZqOFZqRXNBTm9MRWRkbWhGVS1XU0o2cVg1V21qQzVlUWZWdUt6dUppMi1vRmxXc25aeFd1NnBqczJ2WE1JbEdKd0RuSUM1U05hMUp5dXhvdllBTGRscjk2MTF2MzlLTVJZc2FXeDFxRWhxMEdLOEhnRG5LYUtwTndiMGlEMmtiNllQdm90Rmo4MWF3c29sZy1pbHhkeElvaWMxc3IwQdIBrwFBVV95cUxNTkJQNEhwX0xnOXB6RVBlV1FRaWpPcHp3X1gzYWpFQ2wyOV8tYTVuSzFFZWw4bWZIZUlMVUFTdG1BZzZEdmtTOXpzV2pRV1JsRzk1VE5RQ1d0d19hMXF6Z1pHa3pjSjRGbVExLXNpa05tbkFDN3lQNGJ4N0JURGhaenhCakJjRnVFRzVkZFdXS2x6X1Q4Umxja2VGNzJxMEIwcmhnaGFmZG9DZjNkYmVR,N/A,N/A,N/A,"Wed, 11 Jan 2023 08:00:00 GMT"
2023-01-11 08:00:00,AMD vs Nvidia graphics cards (GPUs) in 2024 - WePC - PC Tech & PC Gaming News,"<a href=""https://news.google.com/rss/articles/CBMiUkFVX3lxTFBkVE1nM2JGMkZCbzVsNDBHTWp5TXZKcVBMUjVpdUNMcWVmTkREWVlrVjVHX3lBb0I2VnNDT2F4OTF3M21KQ2dVcEE3d29lM0RMUEE?oc=5"" target=""_blank"">AMD vs Nvidia graphics cards (GPUs) in 2024</a>&nbsp;&nbsp;<font color=""#6f6f6f"">WePC - PC Tech & PC Gaming News</font>",WePC - PC Tech & PC Gaming News,https://news.google.com/rss/articles/CBMiUkFVX3lxTFBkVE1nM2JGMkZCbzVsNDBHTWp5TXZKcVBMUjVpdUNMcWVmTkREWVlrVjVHX3lBb0I2VnNDT2F4OTF3M21KQ2dVcEE3d29lM0RMUEE?oc=5,CBMiUkFVX3lxTFBkVE1nM2JGMkZCbzVsNDBHTWp5TXZKcVBMUjVpdUNMcWVmTkREWVlrVjVHX3lBb0I2VnNDT2F4OTF3M21KQ2dVcEE3d29lM0RMUEE,N/A,N/A,N/A,"Wed, 11 Jan 2023 08:00:00 GMT"
2023-01-11 08:00:00,"How To Enable Hardware Accelerated Video Decode In Google Chrome, Brave, Vivaldi And Opera Browsers On Debian, Ubuntu Or Linux Mint - Linux Uprising","<a href=""https://news.google.com/rss/articles/CBMigwFBVV95cUxOVUlGTG9GdWNEMV9RYldkWHBwUnFuYU5yOTJ2bnR2dXBjQlB6RmVQOGRLam9uSEtzMUIzbVM0dFBkbW9QY2JMcnFZdldNMVpsWHdpc0l0NmJtV0dqVGVKS1o4d1FoNFVZUHMwMFB6R3V0Z3pNdU5OeUgzX0VVSUJNWWhHSQ?oc=5"" target=""_blank"">How To Enable Hardware Accelerated Video Decode In Google Chrome, Brave, Vivaldi And Opera Browsers On Debian, Ubuntu Or Linux Mint</a>&nbsp;&nbsp;<font color=""#6f6f6f"">Linux Uprising</font>",Linux Uprising,https://news.google.com/rss/articles/CBMigwFBVV95cUxOVUlGTG9GdWNEMV9RYldkWHBwUnFuYU5yOTJ2bnR2dXBjQlB6RmVQOGRLam9uSEtzMUIzbVM0dFBkbW9QY2JMcnFZdldNMVpsWHdpc0l0NmJtV0dqVGVKS1o4d1FoNFVZUHMwMFB6R3V0Z3pNdU5OeUgzX0VVSUJNWWhHSQ?oc=5,CBMigwFBVV95cUxOVUlGTG9GdWNEMV9RYldkWHBwUnFuYU5yOTJ2bnR2dXBjQlB6RmVQOGRLam9uSEtzMUIzbVM0dFBkbW9QY2JMcnFZdldNMVpsWHdpc0l0NmJtV0dqVGVKS1o4d1FoNFVZUHMwMFB6R3V0Z3pNdU5OeUgzX0VVSUJNWWhHSQ,N/A,N/A,N/A,"Wed, 11 Jan 2023 08:00:00 GMT"
