日期,發佈時間,標題,描述,來源,連結
2023-01-10,2023-01-10 03:00:00,"The Greenest Generation: NVIDIA, Intel and Partners Supercharge AI Computing Efficiency - NVIDIA Blog","<a href=""https://news.google.com/rss/articles/CBMieEFVX3lxTE5KdmZRLTZFV1dwcVRoSXpsWUdHdVYybjJCVjg3dGt5WHRrQXgycU9pcV92MW1uanhwUDhtNnQzT1ZXd3A5dF9PbkJQMG5iZXk1NW9kQ3VZaUp3ZFhzLW9INmptOHRrdjRIMDgzaGFXbW9WejRQU0x1bw?oc=5"" target=""_blank"">The Greenest Generation: NVIDIA, Intel and Partners Supercharge AI Computing Efficiency</a>&nbsp;&nbsp;<font color=""#6f6f6f"">NVIDIA Blog</font>",NVIDIA Blog,https://news.google.com/rss/articles/CBMieEFVX3lxTE5KdmZRLTZFV1dwcVRoSXpsWUdHdVYybjJCVjg3dGt5WHRrQXgycU9pcV92MW1uanhwUDhtNnQzT1ZXd3A5dF9PbkJQMG5iZXk1NW9kQ3VZaUp3ZFhzLW9INmptOHRrdjRIMDgzaGFXbW9WejRQU0x1bw?oc=5
2023-01-09,2023-01-09 03:00:00,Will AMD’s MI300 Beat NVIDIA In AI? - Forbes,"<a href=""https://news.google.com/rss/articles/CBMijgFBVV95cUxNQm5fOFpnOUlIR3Z4SDJ1Ul9XQTl2WG1fTnNYUG9QOEM2SFh1X2NfVHI5VkZkVTVJTUhzT29VRkxJVjZuS0d4YnNyOHo0TThGbFJqX1J1TXFEVDVRa0g2Y2I0Ykx0d3BtWmk3WWU5Z0VaRkt5SWEyNnNDelVnQTF3d1NmUjJlbjlnWVBzV09B?oc=5"" target=""_blank"">Will AMD’s MI300 Beat NVIDIA In AI?</a>&nbsp;&nbsp;<font color=""#6f6f6f"">Forbes</font>",Forbes,https://news.google.com/rss/articles/CBMijgFBVV95cUxNQm5fOFpnOUlIR3Z4SDJ1Ul9XQTl2WG1fTnNYUG9QOEM2SFh1X2NfVHI5VkZkVTVJTUhzT29VRkxJVjZuS0d4YnNyOHo0TThGbFJqX1J1TXFEVDVRa0g2Y2I0Ykx0d3BtWmk3WWU5Z0VaRkt5SWEyNnNDelVnQTF3d1NmUjJlbjlnWVBzV09B?oc=5
2023-01-10,2023-01-10 03:00:00,Nvidia GeForce Now Ultimate vs. New Graphics Card - TechSpot,"<a href=""https://news.google.com/rss/articles/CBMidkFVX3lxTE13NnJFb3RMNkZCMDZ6WFktNjJBMFoteFgyZDZYVFZULS1aVy1Vb0ZUc3lEelBULUljWkdCSHFEN3pyUGZJcEJjMUx2XzJUUy1Bd2NyZmVOUVlOTlBDUkwyQ0VFWnNwVWlyN0plNk11bE5ad1ZwN1E?oc=5"" target=""_blank"">Nvidia GeForce Now Ultimate vs. New Graphics Card</a>&nbsp;&nbsp;<font color=""#6f6f6f"">TechSpot</font>",TechSpot,https://news.google.com/rss/articles/CBMidkFVX3lxTE13NnJFb3RMNkZCMDZ6WFktNjJBMFoteFgyZDZYVFZULS1aVy1Vb0ZUc3lEelBULUljWkdCSHFEN3pyUGZJcEJjMUx2XzJUUy1Bd2NyZmVOUVlOTlBDUkwyQ0VFWnNwVWlyN0plNk11bE5ad1ZwN1E?oc=5
2023-01-10,2023-01-10 03:00:00,"Nvidia, Intel team up on energy efficient AI server - TechTarget","<a href=""https://news.google.com/rss/articles/CBMisAFBVV95cUxOY1R2WlRSenBnZFBpcm1uWnRWMEJ5ak9fbDJPSFplcUxkaGxlelhSMmdiWGk1a1hNRkRuV0huRzdqUFRrQ0U5NHlteXdJNjV4V3FtRGNJVU9ucUEyclhUY2hWb2pkU3hWX0pwdkNYQVd6d0ozNzVtVGZpSnI0OF8xMWtFdFJFWWFiT3BBeE1VSVlYenV2UHg4QXhmZlFtR040Q3pCRmVDMlZWWkRjM05jTA?oc=5"" target=""_blank"">Nvidia, Intel team up on energy efficient AI server</a>&nbsp;&nbsp;<font color=""#6f6f6f"">TechTarget</font>",TechTarget,https://news.google.com/rss/articles/CBMisAFBVV95cUxOY1R2WlRSenBnZFBpcm1uWnRWMEJ5ak9fbDJPSFplcUxkaGxlelhSMmdiWGk1a1hNRkRuV0huRzdqUFRrQ0U5NHlteXdJNjV4V3FtRGNJVU9ucUEyclhUY2hWb2pkU3hWX0pwdkNYQVd6d0ozNzVtVGZpSnI0OF8xMWtFdFJFWWFiT3BBeE1VSVlYenV2UHg4QXhmZlFtR040Q3pCRmVDMlZWWkRjM05jTA?oc=5
2023-01-10,2023-01-10 03:00:00,Nvidia debuts new DGX H100 systems powered by Intel’s 4th Gen Intel Xeon Scalable chips - SiliconANGLE News,"<a href=""https://news.google.com/rss/articles/CBMivAFBVV95cUxNR3VYbTJRR1Jvbmd5akhnQ2Z2Vl9TZWVuRERkYzJ2U2RHajdmbDk2bnZZUUhSSXpUWjljcmtyV2VHSVRZUzV3YnYzaTIzd09Ua3F6MjI4amRoMkdtTTBVZGs3b1FpV3RQRXBkVVAtMjFyY211QzVHSUlFdVpvT09kSHQ4WGlyOGxRSkpWb2ExQzJoWDN6Z0xadGZnQ0NVTkRHdnAxcGFjcFhRYWd2VU5udVc5T3FtMzZIWDZSdg?oc=5"" target=""_blank"">Nvidia debuts new DGX H100 systems powered by Intel’s 4th Gen Intel Xeon Scalable chips</a>&nbsp;&nbsp;<font color=""#6f6f6f"">SiliconANGLE News</font>",SiliconANGLE News,https://news.google.com/rss/articles/CBMivAFBVV95cUxNR3VYbTJRR1Jvbmd5akhnQ2Z2Vl9TZWVuRERkYzJ2U2RHajdmbDk2bnZZUUhSSXpUWjljcmtyV2VHSVRZUzV3YnYzaTIzd09Ua3F6MjI4amRoMkdtTTBVZGs3b1FpV3RQRXBkVVAtMjFyY211QzVHSUlFdVpvT09kSHQ4WGlyOGxRSkpWb2ExQzJoWDN6Z0xadGZnQ0NVTkRHdnAxcGFjcFhRYWd2VU5udVc5T3FtMzZIWDZSdg?oc=5
2023-01-09,2023-01-09 03:00:00,NVIDIA Is Allegedly Working On AI-Optimized GPU Drivers To Deliver A Massive Performance Boost - Hot Hardware,"<a href=""https://news.google.com/rss/articles/CBMijwFBVV95cUxQSEREYS05UlFNTnFJdUdsYk1RMjV5dWY2SFU2SHVYeXlBeXo1X21ObWtaNEJKRU5NWmoySVFhNVljOWhrNzZnLTNsWnFGVnp1cW1XVFQyWnFBS21STVlQeU55RjQwQ0l0dE1ocXFGb19yNlVTQW9YSVdBNFZVcGFLalQyUU5MdnBHNno0ejh6bw?oc=5"" target=""_blank"">NVIDIA Is Allegedly Working On AI-Optimized GPU Drivers To Deliver A Massive Performance Boost</a>&nbsp;&nbsp;<font color=""#6f6f6f"">Hot Hardware</font>",Hot Hardware,https://news.google.com/rss/articles/CBMijwFBVV95cUxQSEREYS05UlFNTnFJdUdsYk1RMjV5dWY2SFU2SHVYeXlBeXo1X21ObWtaNEJKRU5NWmoySVFhNVljOWhrNzZnLTNsWnFGVnp1cW1XVFQyWnFBS21STVlQeU55RjQwQ0l0dE1ocXFGb19yNlVTQW9YSVdBNFZVcGFLalQyUU5MdnBHNno0ejh6bw?oc=5
2023-01-10,2023-01-10 03:00:00,NVIDIA GeForce RTX 4070 Founders Edition packaging leaks out - VideoCardz.com,"<a href=""https://news.google.com/rss/articles/CBMikgFBVV95cUxQRHdva0lEX3RUSlBabnpVYnJ3REQ1TXN5aDNpWlJuMXYzY1lNb3F5SERTOFRldEpGNzdhTGtxSlo1ZC01cmV3WTRhZzRJMkVmYjR1WUtFTmtfSEpDUm80QjhCVW9QUFlyTDFnc1JSXzBncXA2aG53ems5cFlJWmh1QWZuTGs2M21jVDl1OFpwRDlIdw?oc=5"" target=""_blank"">NVIDIA GeForce RTX 4070 Founders Edition packaging leaks out</a>&nbsp;&nbsp;<font color=""#6f6f6f"">VideoCardz.com</font>",VideoCardz.com,https://news.google.com/rss/articles/CBMikgFBVV95cUxQRHdva0lEX3RUSlBabnpVYnJ3REQ1TXN5aDNpWlJuMXYzY1lNb3F5SERTOFRldEpGNzdhTGtxSlo1ZC01cmV3WTRhZzRJMkVmYjR1WUtFTmtfSEpDUm80QjhCVW9QUFlyTDFnc1JSXzBncXA2aG53ems5cFlJWmh1QWZuTGs2M21jVDl1OFpwRDlIdw?oc=5
2023-01-10,2023-01-10 03:00:00,"Nvidia RTX 4070 box shows up online, minus the actual GPU - PCGamesN","<a href=""https://news.google.com/rss/articles/CBMiY0FVX3lxTE9Vdnp6dkh0LU1BQlQyTFVLVUcwcGpCQktCX20taF90bGtGMFpOWWN0UFVfNDROdl9lMFFJSk13bHgtRjljR01ESXgzLUs2RWJDREJMVEFRWU1rd3laSU5xWV9obw?oc=5"" target=""_blank"">Nvidia RTX 4070 box shows up online, minus the actual GPU</a>&nbsp;&nbsp;<font color=""#6f6f6f"">PCGamesN</font>",PCGamesN,https://news.google.com/rss/articles/CBMiY0FVX3lxTE9Vdnp6dkh0LU1BQlQyTFVLVUcwcGpCQktCX20taF90bGtGMFpOWWN0UFVfNDROdl9lMFFJSk13bHgtRjljR01ESXgzLUs2RWJDREJMVEFRWU1rd3laSU5xWV9obw?oc=5
2023-01-10,2023-01-10 03:00:00,Watch Nvidia’s RTX 40-series laptops absolutely smoke the 3080 Ti - PCWorld,"<a href=""https://news.google.com/rss/articles/CBMiYkFVX3lxTE1zVUthb054QV9KbVdyU09aZ1ZzenlGZlFRdTY4a2JYMFhtZE1oNkRWbjVFVFlGWjVzV3JUblo3QkNoZ09pSDBVaTB0TlJ4OHU2THU0RU0wV2RYUzVmRXpqZ0hn?oc=5"" target=""_blank"">Watch Nvidia’s RTX 40-series laptops absolutely smoke the 3080 Ti</a>&nbsp;&nbsp;<font color=""#6f6f6f"">PCWorld</font>",PCWorld,https://news.google.com/rss/articles/CBMiYkFVX3lxTE1zVUthb054QV9KbVdyU09aZ1ZzenlGZlFRdTY4a2JYMFhtZE1oNkRWbjVFVFlGWjVzV3JUblo3QkNoZ09pSDBVaTB0TlJ4OHU2THU0RU0wV2RYUzVmRXpqZ0hn?oc=5
2023-01-09,2023-01-09 03:00:00,What is Nvidia GeForce Now? - TrustedReviews,"<a href=""https://news.google.com/rss/articles/CBMigAFBVV95cUxPQmFtTEtJXzdYc1NLSGFZTDc3Ynp2UnhfMmlOekVXdVAyLXVNMVN3Ry0xbjRUckNTRWdjZm1qZFRhSk9qOGhLMzhUMGRVLVBVQ3NiTm9WSnFsV3dyS3Z1YVB5S0ZjZ2RQU1BFQjNRVGpSZVBPX1FER1ZWdldDSy1TMg?oc=5"" target=""_blank"">What is Nvidia GeForce Now?</a>&nbsp;&nbsp;<font color=""#6f6f6f"">TrustedReviews</font>",TrustedReviews,https://news.google.com/rss/articles/CBMigAFBVV95cUxPQmFtTEtJXzdYc1NLSGFZTDc3Ynp2UnhfMmlOekVXdVAyLXVNMVN3Ry0xbjRUckNTRWdjZm1qZFRhSk9qOGhLMzhUMGRVLVBVQ3NiTm9WSnFsV3dyS3Z1YVB5S0ZjZ2RQU1BFQjNRVGpSZVBPX1FER1ZWdldDSy1TMg?oc=5
2023-01-10,2023-01-10 03:00:00,This Is The Most Expensive Graphics Card In The World - SlashGear,"<a href=""https://news.google.com/rss/articles/CBMikgFBVV95cUxPa1dGU2s1T3dyR3JsdWhYeVdDNTZfR1pSNDNNUVc2Rzk3dmFKS091TEtfUFdvMUFvdG5aVndtQnNySkV6MzVKNGpOY1k4OWFaa1p3X01iQVFzNFE4TEhwbklEOTFSWWZmekUxbUNKTldLUTZPNFhSY0owV1FvM2JySFdVYnN2a2ZNdm5IcUJFb3V5dw?oc=5"" target=""_blank"">This Is The Most Expensive Graphics Card In The World</a>&nbsp;&nbsp;<font color=""#6f6f6f"">SlashGear</font>",SlashGear,https://news.google.com/rss/articles/CBMikgFBVV95cUxPa1dGU2s1T3dyR3JsdWhYeVdDNTZfR1pSNDNNUVc2Rzk3dmFKS091TEtfUFdvMUFvdG5aVndtQnNySkV6MzVKNGpOY1k4OWFaa1p3X01iQVFzNFE4TEhwbklEOTFSWWZmekUxbUNKTldLUTZPNFhSY0owV1FvM2JySFdVYnN2a2ZNdm5IcUJFb3V5dw?oc=5
2023-01-09,2023-01-09 03:00:00,MSI GeForce RTX 4080 Suprim X review - PC Gamer,"<a href=""https://news.google.com/rss/articles/CBMiZEFVX3lxTE9obkxrSHpXd2Jnc2lYTEhFWlpFRGtQdlFDRWRDUlBtb3o1X1dpaGR2eUd6VUgtWF9tOUw2bkp1QkFjU21HRm1JZkQ5VDFTRnFQTTgySHQtOEZTQ2FNemVGYm0teUI?oc=5"" target=""_blank"">MSI GeForce RTX 4080 Suprim X review</a>&nbsp;&nbsp;<font color=""#6f6f6f"">PC Gamer</font>",PC Gamer,https://news.google.com/rss/articles/CBMiZEFVX3lxTE9obkxrSHpXd2Jnc2lYTEhFWlpFRGtQdlFDRWRDUlBtb3o1X1dpaGR2eUd6VUgtWF9tOUw2bkp1QkFjU21HRm1JZkQ5VDFTRnFQTTgySHQtOEZTQ2FNemVGYm0teUI?oc=5
2023-01-09,2023-01-09 03:00:00,8 Best Semiconductor Stocks to Buy Amid a Global Chip Shortage | Investing | U.S. News - U.S News & World Report Money,"<a href=""https://news.google.com/rss/articles/CBMiwgFBVV95cUxNMUxBclNJdDd2NHlSTlR2QS0tbFp0WWVlUnpTWEJXNVR5RDRjV0hNLU1lX3k2TllwYU5pbmdORGotSWhqQ05TVWplU0pHc0xFdWphRTBHRlBFTEt5a1IyWG1vN2p4dmlBUW1lT195c0tlUEtpakp4cExIWm5UaFA5dnZBS1lDY1hBQWRKVTA2ZUNsSjlVbjJuZXY3WVlMOXNBZVpFM253S2FsWnpFLUJ4NFY3OUNFOFprcTJzZ3ZNejlKUQ?oc=5"" target=""_blank"">8 Best Semiconductor Stocks to Buy Amid a Global Chip Shortage | Investing | U.S. News</a>&nbsp;&nbsp;<font color=""#6f6f6f"">U.S News & World Report Money</font>",U.S News & World Report Money,https://news.google.com/rss/articles/CBMiwgFBVV95cUxNMUxBclNJdDd2NHlSTlR2QS0tbFp0WWVlUnpTWEJXNVR5RDRjV0hNLU1lX3k2TllwYU5pbmdORGotSWhqQ05TVWplU0pHc0xFdWphRTBHRlBFTEt5a1IyWG1vN2p4dmlBUW1lT195c0tlUEtpakp4cExIWm5UaFA5dnZBS1lDY1hBQWRKVTA2ZUNsSjlVbjJuZXY3WVlMOXNBZVpFM253S2FsWnpFLUJ4NFY3OUNFOFprcTJzZ3ZNejlKUQ?oc=5
2023-01-09,2023-01-09 03:00:00,How to open and use the Nvidia Control Panel - Sportskeeda,"<a href=""https://news.google.com/rss/articles/CBMifkFVX3lxTE9KT1ZtWWltNHhIUEctQjdVOUJGRThpZjVxc3hQdzFrNlNlR3M0NnN6TEZEOXZqLXBrNUFXOHBWZlctVEF0YzVTY29nTVRjVGtPNVJTWWJaSzdiU2s1VHNYd2p6MWZGdUcxZHVWQXU5RVJROU1YcVVudkJINFlIUQ?oc=5"" target=""_blank"">How to open and use the Nvidia Control Panel</a>&nbsp;&nbsp;<font color=""#6f6f6f"">Sportskeeda</font>",Sportskeeda,https://news.google.com/rss/articles/CBMifkFVX3lxTE9KT1ZtWWltNHhIUEctQjdVOUJGRThpZjVxc3hQdzFrNlNlR3M0NnN6TEZEOXZqLXBrNUFXOHBWZlctVEF0YzVTY29nTVRjVGtPNVJTWWJaSzdiU2s1VHNYd2p6MWZGdUcxZHVWQXU5RVJROU1YcVVudkJINFlIUQ?oc=5
2023-01-10,2023-01-10 03:00:00,You'll be waiting a while for RTX 4070 and RTX 4060 Ti if these rumoured specs are accurate - Club386,"<a href=""https://news.google.com/rss/articles/CBMitgFBVV95cUxPemc3SFNtNjVuY1hVTTd5UHdaTWZqZy0yejZyQi1DNUZjbEVfQVpIZm9PTUlpWGtWTmdUZmhyT2F6aHMtcXRYdGJJMFdsek4tUG5EazIzTUh4UTJ3Y2EzekRBSTl2OHdfd0lsU2dLOVVWYWM0a1VqOUR1bG1rQXBubWh1eHp1TE43OE51a25mb3NXbHhFZ3RDZ0JDV1hWcHpGemxZY01IYk9ua3N2VEJDQ3hfcjI3QQ?oc=5"" target=""_blank"">You'll be waiting a while for RTX 4070 and RTX 4060 Ti if these rumoured specs are accurate</a>&nbsp;&nbsp;<font color=""#6f6f6f"">Club386</font>",Club386,https://news.google.com/rss/articles/CBMitgFBVV95cUxPemc3SFNtNjVuY1hVTTd5UHdaTWZqZy0yejZyQi1DNUZjbEVfQVpIZm9PTUlpWGtWTmdUZmhyT2F6aHMtcXRYdGJJMFdsek4tUG5EazIzTUh4UTJ3Y2EzekRBSTl2OHdfd0lsU2dLOVVWYWM0a1VqOUR1bG1rQXBubWh1eHp1TE43OE51a25mb3NXbHhFZ3RDZ0JDV1hWcHpGemxZY01IYk9ua3N2VEJDQ3hfcjI3QQ?oc=5
2023-01-10,2023-01-10 03:00:00,Nvidia RTX 4090 laptop GPU price revealed – and it’s seriously expensive - TechRadar,"<a href=""https://news.google.com/rss/articles/CBMiogFBVV95cUxPWEtNakxzdW8yV3p4dGdSXzlLa19XdW5uX1FOZF9jaUVubl9NUHNGeW93dTlJS3dCRU9STmpITDFoNTd4RWZ4SWRndE1XMHhNTFNDdUlVNW9jZ09iazZSal9nbEZqbHR3bmlFcUxLeFJJTU03VGkzT0pLLXBkNDlXR3hLLWFfamNXZWRoZ0ctVEhtMUE4bnVzNVByZGhFVVFZMFE?oc=5"" target=""_blank"">Nvidia RTX 4090 laptop GPU price revealed – and it’s seriously expensive</a>&nbsp;&nbsp;<font color=""#6f6f6f"">TechRadar</font>",TechRadar,https://news.google.com/rss/articles/CBMiogFBVV95cUxPWEtNakxzdW8yV3p4dGdSXzlLa19XdW5uX1FOZF9jaUVubl9NUHNGeW93dTlJS3dCRU9STmpITDFoNTd4RWZ4SWRndE1XMHhNTFNDdUlVNW9jZ09iazZSal9nbEZqbHR3bmlFcUxLeFJJTU03VGkzT0pLLXBkNDlXR3hLLWFfamNXZWRoZ0ctVEhtMUE4bnVzNVByZGhFVVFZMFE?oc=5
2023-01-10,2023-01-10 03:00:00,Nvidia GeForce RTX 4090 vs RTX 3090 Ti: What’s New? - Beebom,"<a href=""https://news.google.com/rss/articles/CBMiX0FVX3lxTFB4bWRvb2xJS29MbXFIbHQwaEhvQ2VZQzFhdEZDVVMtMmpuUzlKY0hlM0hhMVVIeXBBcVQ2bFI3VW80NFZlRl9QS0hlS3ZEWk53ejQ3OXJWQ0ZoNjBkSkxF0gFkQVVfeXFMUDFvUTk5Nml4dGcwMW41NmpFQ3BLeURHVmxCRXl2akpJOGpfay1RNEVrbWxwS0o1a1hLMWlLNDY3UjUtT0tvcWQ5NXlLOWJMdUdWY1VIcUJBMGVtOWZMQUc5cG5BVw?oc=5"" target=""_blank"">Nvidia GeForce RTX 4090 vs RTX 3090 Ti: What’s New?</a>&nbsp;&nbsp;<font color=""#6f6f6f"">Beebom</font>",Beebom,https://news.google.com/rss/articles/CBMiX0FVX3lxTFB4bWRvb2xJS29MbXFIbHQwaEhvQ2VZQzFhdEZDVVMtMmpuUzlKY0hlM0hhMVVIeXBBcVQ2bFI3VW80NFZlRl9QS0hlS3ZEWk53ejQ3OXJWQ0ZoNjBkSkxF0gFkQVVfeXFMUDFvUTk5Nml4dGcwMW41NmpFQ3BLeURHVmxCRXl2akpJOGpfay1RNEVrbWxwS0o1a1hLMWlLNDY3UjUtT0tvcWQ5NXlLOWJMdUdWY1VIcUJBMGVtOWZMQUc5cG5BVw?oc=5
2023-01-10,2023-01-10 03:00:00,"NVIDIA GeForce RTX 4070 Founders Edition Pictured, Will Utilize AD104-250/251 GPUs With 200W TGP - Wccftech","<a href=""https://news.google.com/rss/articles/CBMiqwFBVV95cUxQNUZBalp6ZHdLWC1zT2NKV1hhSTBuSVAtRE9uNHFfZ19lbGNlYnc0Qkhqci1ESU9RckpoenFKRVFWbk9MVlpmeG9KUXB5Yk5WZmJrYWIxY29YUW1uTl8tSEs3LTFwUnZvQnNjYW5UOEZqX1B0WXdSOHZGb25xTlZBa3IwMEl4TUJFQ3FLWnRNT0FrdWNfVUY0YjFFYmtGenFyWTdNMzByX2JwdmvSAbABQVVfeXFMUHNwbGY1RDAzcUpkdEpkREs0dGxCVll4TXlJUF8zQTZ4MjAyQTBnTEl2ejVEVDZIdlJTdThjXzJQM0NSYVA1LUxpMDc0U3gybGFlUjRUb09Ka3lVRUM1QW02bFlOMjJ3SEtad0txS1BKczJzNGo1QWt4Y0JLdE5XaTd2TzlFQ1k0R2tOTlpwWmd3UF9ZVEtfRTNfZU1KX0ZFV0xrSG1IeUx2bWxsbFZaMUo?oc=5"" target=""_blank"">NVIDIA GeForce RTX 4070 Founders Edition Pictured, Will Utilize AD104-250/251 GPUs With 200W TGP</a>&nbsp;&nbsp;<font color=""#6f6f6f"">Wccftech</font>",Wccftech,https://news.google.com/rss/articles/CBMiqwFBVV95cUxQNUZBalp6ZHdLWC1zT2NKV1hhSTBuSVAtRE9uNHFfZ19lbGNlYnc0Qkhqci1ESU9RckpoenFKRVFWbk9MVlpmeG9KUXB5Yk5WZmJrYWIxY29YUW1uTl8tSEs3LTFwUnZvQnNjYW5UOEZqX1B0WXdSOHZGb25xTlZBa3IwMEl4TUJFQ3FLWnRNT0FrdWNfVUY0YjFFYmtGenFyWTdNMzByX2JwdmvSAbABQVVfeXFMUHNwbGY1RDAzcUpkdEpkREs0dGxCVll4TXlJUF8zQTZ4MjAyQTBnTEl2ejVEVDZIdlJTdThjXzJQM0NSYVA1LUxpMDc0U3gybGFlUjRUb09Ka3lVRUM1QW02bFlOMjJ3SEtad0txS1BKczJzNGo1QWt4Y0JLdE5XaTd2TzlFQ1k0R2tOTlpwWmd3UF9ZVEtfRTNfZU1KX0ZFV0xrSG1IeUx2bWxsbFZaMUo?oc=5
2023-01-09,2023-01-09 03:00:00,"MSI tweets that the Nvidia RTX 4070 Ti's price isn't ""as bad as a RTX 4080"" - TechSpot","<a href=""https://news.google.com/rss/articles/CBMihAFBVV95cUxQQl9yVWlBNXJBdDRkSFJXa3preU5IU3Fvc3FJVHl4Q1dyelBBdXowQ1BsT1RldDEySFJJZ2RhbGJvRng4Tnl4OE14a0VqQnZTOC1yUVNRWlNnaWI0bTREYVFFbFc2T3ZtWnZ3Q1JEMEdSNXlWbllpWU9SVWlsaldJVE10clQ?oc=5"" target=""_blank"">MSI tweets that the Nvidia RTX 4070 Ti's price isn't ""as bad as a RTX 4080""</a>&nbsp;&nbsp;<font color=""#6f6f6f"">TechSpot</font>",TechSpot,https://news.google.com/rss/articles/CBMihAFBVV95cUxQQl9yVWlBNXJBdDRkSFJXa3preU5IU3Fvc3FJVHl4Q1dyelBBdXowQ1BsT1RldDEySFJJZ2RhbGJvRng4Tnl4OE14a0VqQnZTOC1yUVNRWlNnaWI0bTREYVFFbFc2T3ZtWnZ3Q1JEMEdSNXlWbllpWU9SVWlsaldJVE10clQ?oc=5
2023-01-09,2023-01-09 03:00:00,"XMG laptop with GeForce RTX 4090 GPU to cost €1,687 more than RTX 4060 system - VideoCardz.com","<a href=""https://news.google.com/rss/articles/CBMipwFBVV95cUxQeGFWRkx4N3lXMWlmZ0tLamkwT29iMVlEN0dkNGdWbW0zWmRpRXhvb1lGMnhWbU8ybXNiSEx0a0NJZktWYmdmdHhFUVJNUzhTTm5SWGlvb19nZVVRZk9KZFRRUXdZWmlmWTFsUW9uOFQtVnBzdENIa1czbm51YjZseFhuMUNuQWl0dzJHWTZHcGVWV044N1RoZG55YUUxem1xa0tVLVhyYw?oc=5"" target=""_blank"">XMG laptop with GeForce RTX 4090 GPU to cost €1,687 more than RTX 4060 system</a>&nbsp;&nbsp;<font color=""#6f6f6f"">VideoCardz.com</font>",VideoCardz.com,https://news.google.com/rss/articles/CBMipwFBVV95cUxQeGFWRkx4N3lXMWlmZ0tLamkwT29iMVlEN0dkNGdWbW0zWmRpRXhvb1lGMnhWbU8ybXNiSEx0a0NJZktWYmdmdHhFUVJNUzhTTm5SWGlvb19nZVVRZk9KZFRRUXdZWmlmWTFsUW9uOFQtVnBzdENIa1czbm51YjZseFhuMUNuQWl0dzJHWTZHcGVWV044N1RoZG55YUUxem1xa0tVLVhyYw?oc=5
2023-01-09,2023-01-09 03:00:00,OBS Studio 29 launches with AV1 encoding for AMD and Intel Arc - Windows Central,"<a href=""https://news.google.com/rss/articles/CBMiqwFBVV95cUxNQUxCV2FaUGt2TW5hSVNTTWh6cmsyaTVlVEQ3NTZpSjlpbFVqeThvMUdOWjZUdTBzc1VmQVRBTXRCSGJ1UFNlMXpXT3hsMzB6SXkyR1lkalNtazYtckVBamxQYWxOWTlkUDJKbGpENGlGNWgyYWdjeEprOHczbmJRM0tMeE9VNUxIOFRCaU5nTHcwSDQxMGlBd3hjWHVBQmxvV1ZKRkFaaURPa00?oc=5"" target=""_blank"">OBS Studio 29 launches with AV1 encoding for AMD and Intel Arc</a>&nbsp;&nbsp;<font color=""#6f6f6f"">Windows Central</font>",Windows Central,https://news.google.com/rss/articles/CBMiqwFBVV95cUxNQUxCV2FaUGt2TW5hSVNTTWh6cmsyaTVlVEQ3NTZpSjlpbFVqeThvMUdOWjZUdTBzc1VmQVRBTXRCSGJ1UFNlMXpXT3hsMzB6SXkyR1lkalNtazYtckVBamxQYWxOWTlkUDJKbGpENGlGNWgyYWdjeEprOHczbmJRM0tMeE9VNUxIOFRCaU5nTHcwSDQxMGlBd3hjWHVBQmxvV1ZKRkFaaURPa00?oc=5
2023-01-10,2023-01-10 03:00:00,"Artificial Intelligence (AI) Research Innovations in 2022 from Google, NVIDIA, Salesforce, Meta, Apple, Amazon, and AI2 - MarkTechPost","<a href=""https://news.google.com/rss/articles/CBMi5wFBVV95cUxOZ3RwMnR2SGF1Q1FwWmE3Yk5LNVNYdzgteUlYaGJMRE43R3B4YVJMSk5TanFBT3FKNEdDeVJLNkdIbWhjNU11OFY0WmtYQmpXMU9UMEpXQVV5RXluU0tpSzJhc2FvazE2VDMtYzlZcjdmNTVXNzRYVXU0TXd2QkNlNkFYa1Bic0ljY1doT3F1Zy04V3ZtYlFHMW9kWTE4SWI4dGs1dE5zTkhOWUxZYld4aXRITmtYdVVPaDNXbDFaNFpPeUlkYnpZSzk2WXNkN2JOU0ZZN3RVa01TZjhpYTkyR1U1SHhWOXPSAewBQVVfeXFMTTk2VGxsWFQ1U3lBNGVaV0FZNGdPb2Z0TXJnVXhPMm1kUlZrcnd5S1ZHQ2RiQS15cFBpeks5MDZEV1J3cmgySGlELTRJSFcyNzdkcFRlVUlndnF1TGJseTZMWnFlSGNoT3RWVWRZSnZ1MnVudmNONF9TYmVOaGdEN1AxaDNTWFJyd3pydVhPSEIzOUJzVW1yYmx0c1RZajZyemQ3d2kyYWNMUGFIdzQ1YlYzZzAzNWVtQzdmU0RwOTVQbE8zcVZoRFJmZnZ3YTBpVGY5WFFYcHp1b1NHZExOTml0T2psUEZFcWRFS0w?oc=5"" target=""_blank"">Artificial Intelligence (AI) Research Innovations in 2022 from Google, NVIDIA, Salesforce, Meta, Apple, Amazon, and AI2</a>&nbsp;&nbsp;<font color=""#6f6f6f"">MarkTechPost</font>",MarkTechPost,https://news.google.com/rss/articles/CBMi5wFBVV95cUxOZ3RwMnR2SGF1Q1FwWmE3Yk5LNVNYdzgteUlYaGJMRE43R3B4YVJMSk5TanFBT3FKNEdDeVJLNkdIbWhjNU11OFY0WmtYQmpXMU9UMEpXQVV5RXluU0tpSzJhc2FvazE2VDMtYzlZcjdmNTVXNzRYVXU0TXd2QkNlNkFYa1Bic0ljY1doT3F1Zy04V3ZtYlFHMW9kWTE4SWI4dGs1dE5zTkhOWUxZYld4aXRITmtYdVVPaDNXbDFaNFpPeUlkYnpZSzk2WXNkN2JOU0ZZN3RVa01TZjhpYTkyR1U1SHhWOXPSAewBQVVfeXFMTTk2VGxsWFQ1U3lBNGVaV0FZNGdPb2Z0TXJnVXhPMm1kUlZrcnd5S1ZHQ2RiQS15cFBpeks5MDZEV1J3cmgySGlELTRJSFcyNzdkcFRlVUlndnF1TGJseTZMWnFlSGNoT3RWVWRZSnZ1MnVudmNONF9TYmVOaGdEN1AxaDNTWFJyd3pydVhPSEIzOUJzVW1yYmx0c1RZajZyemQ3d2kyYWNMUGFIdzQ1YlYzZzAzNWVtQzdmU0RwOTVQbE8zcVZoRFJmZnZ3YTBpVGY5WFFYcHp1b1NHZExOTml0T2psUEZFcWRFS0w?oc=5
2023-01-09,2023-01-09 03:00:00,"RTX Remix Early Showcases Greatly Boost Visuals of Morrowind, Half-Life 2, and WoW - Wccftech","<a href=""https://news.google.com/rss/articles/CBMipAFBVV95cUxOSkJYeDdNWjFaVGRTZ2pYd05LTnFlVC1SaUxVLUJVa3N4c3BpMThhLXllSTF2YjdJbkM2dXpmUzdDMzY0LTZIa3pVanlackczU3lRNFlkekZvVFp2d09RZjNpN3BaQ054YTFxaHdYWTljemF6cDZpUWtJWGFraXk0VHdpVHpKd1Z4LXRWdEtXWV9yd3duSlozSlFEcG1IWVhXTzdxddIBqgFBVV95cUxPeXh2dUF4eFNaaHlULXVpQXQtOTVTVGJnNVI5UE0wcGIwaE4yNTRGNU1xNVhqLU53bmg1RlBQUkhvUWNDa2JfZTE4TVBObEc5cXZXc0VRV0xIQ1RPNW52UDdndEpCTkI3RjRwLW1hVnVQZlVCVWkwN1d3bFJJYWRkaVNzOTNGWkJKbEVQYzZEaTkzcGdGOEM4b3ZQTVI2QWZvLTFLblh3ak5qdw?oc=5"" target=""_blank"">RTX Remix Early Showcases Greatly Boost Visuals of Morrowind, Half-Life 2, and WoW</a>&nbsp;&nbsp;<font color=""#6f6f6f"">Wccftech</font>",Wccftech,https://news.google.com/rss/articles/CBMipAFBVV95cUxOSkJYeDdNWjFaVGRTZ2pYd05LTnFlVC1SaUxVLUJVa3N4c3BpMThhLXllSTF2YjdJbkM2dXpmUzdDMzY0LTZIa3pVanlackczU3lRNFlkekZvVFp2d09RZjNpN3BaQ054YTFxaHdYWTljemF6cDZpUWtJWGFraXk0VHdpVHpKd1Z4LXRWdEtXWV9yd3duSlozSlFEcG1IWVhXTzdxddIBqgFBVV95cUxPeXh2dUF4eFNaaHlULXVpQXQtOTVTVGJnNVI5UE0wcGIwaE4yNTRGNU1xNVhqLU53bmg1RlBQUkhvUWNDa2JfZTE4TVBObEc5cXZXc0VRV0xIQ1RPNW52UDdndEpCTkI3RjRwLW1hVnVQZlVCVWkwN1d3bFJJYWRkaVNzOTNGWkJKbEVQYzZEaTkzcGdGOEM4b3ZQTVI2QWZvLTFLblh3ak5qdw?oc=5
2023-01-09,2023-01-09 03:00:00,DF Direct Weekly: is next-gen GPU pricing out of control? - Eurogamer,"<a href=""https://news.google.com/rss/articles/CBMiowFBVV95cUxNOUNsbTJzQ000ekx0LUk2MElsRFMtMW1nblVMQ3VmdHp3aVktSjJ0d3Y0TkNrSkZIcS11Wk84em8tU0JTQ2w3MkFnS0ZJZVhfc25waWJPcl9sN2Fkb1M2akNsSnVyMHdkQ1JhRlNxbnBxRWFOa3ZESF8wazJiNjNibE1xV3BwUnNSR1NhSzlvOW9JZkhsdjNTbE1ibFpOb0Z6UjlB?oc=5"" target=""_blank"">DF Direct Weekly: is next-gen GPU pricing out of control?</a>&nbsp;&nbsp;<font color=""#6f6f6f"">Eurogamer</font>",Eurogamer,https://news.google.com/rss/articles/CBMiowFBVV95cUxNOUNsbTJzQ000ekx0LUk2MElsRFMtMW1nblVMQ3VmdHp3aVktSjJ0d3Y0TkNrSkZIcS11Wk84em8tU0JTQ2w3MkFnS0ZJZVhfc25waWJPcl9sN2Fkb1M2akNsSnVyMHdkQ1JhRlNxbnBxRWFOa3ZESF8wazJiNjNibE1xV3BwUnNSR1NhSzlvOW9JZkhsdjNTbE1ibFpOb0Z6UjlB?oc=5
2023-01-09,2023-01-09 03:00:00,Which cloud gaming services work on Google TV and Android TV? - 9to5Google,"<a href=""https://news.google.com/rss/articles/CBMic0FVX3lxTFBSS2lqQUl0NEpBSG1kZnhNd0RqV05WanFUcThZRnkzYkNZNGtjZl9Sajd1ZHBwcVNmT2ZVTC1fanJTeGJ4N1pLZmZ0VFdQMVYxcERqWHIybHZqQzJuMWNpbGVxTGdQcGZtRDhwelQ3cWlGTlk?oc=5"" target=""_blank"">Which cloud gaming services work on Google TV and Android TV?</a>&nbsp;&nbsp;<font color=""#6f6f6f"">9to5Google</font>",9to5Google,https://news.google.com/rss/articles/CBMic0FVX3lxTFBSS2lqQUl0NEpBSG1kZnhNd0RqV05WanFUcThZRnkzYkNZNGtjZl9Sajd1ZHBwcVNmT2ZVTC1fanJTeGJ4N1pLZmZ0VFdQMVYxcERqWHIybHZqQzJuMWNpbGVxTGdQcGZtRDhwelQ3cWlGTlk?oc=5
2023-01-09,2023-01-09 03:00:00,Intel Arc Rendering Performance Strengths Are Really Understated - Techgage,"<a href=""https://news.google.com/rss/articles/CBMilgFBVV95cUxPcGJLeXBGN2U5R1YxWHBDOWt5b2diSUdON2pFVVhqRWwtX3pMb0tab1hQYUNKbkRzdVN5cFJBdXJIRzRpYkpRM3MtMHg0ZVgyYWViUUV0cnQyNm9ZSnNmc19SVXFHNkJvVlFFSWFKd2hxZ2VPVGg4d0hYamRONy13bmFJT18yMkhGbG5GWWNSOG82SzZrOUE?oc=5"" target=""_blank"">Intel Arc Rendering Performance Strengths Are Really Understated</a>&nbsp;&nbsp;<font color=""#6f6f6f"">Techgage</font>",Techgage,https://news.google.com/rss/articles/CBMilgFBVV95cUxPcGJLeXBGN2U5R1YxWHBDOWt5b2diSUdON2pFVVhqRWwtX3pMb0tab1hQYUNKbkRzdVN5cFJBdXJIRzRpYkpRM3MtMHg0ZVgyYWViUUV0cnQyNm9ZSnNmc19SVXFHNkJvVlFFSWFKd2hxZ2VPVGg4d0hYamRONy13bmFJT18yMkhGbG5GWWNSOG82SzZrOUE?oc=5
2023-01-10,2023-01-10 03:00:00,"MSI G321Q unveiled with high refresh rate, WQHD resolution and NVIDIA G-SYNC - Notebookcheck.net","<a href=""https://news.google.com/rss/articles/CBMiuwFBVV95cUxPSDAzTUxiM1ZyVWdZTUdrWVM5UmI4MmJfMEsteUYwVHZBUHd0X29VVmpUU3labk1DYTZTYzJwVTFLNmNVX2ZxX0hCXzlyMFdITHExTUtsMWROanF4dEZqYUxlb01vYkIwNVpzdk01dF9MMnFFOEhQTlg5RFptYzdXLVFCSkg3a2g2RmZqNWlfd1JKNkpCVGp2TWZnWXFjUUQwMFpKWW5xSW83ZlJpTUFRVUFpbTYzS2Nwb3lz?oc=5"" target=""_blank"">MSI G321Q unveiled with high refresh rate, WQHD resolution and NVIDIA G-SYNC</a>&nbsp;&nbsp;<font color=""#6f6f6f"">Notebookcheck.net</font>",Notebookcheck.net,https://news.google.com/rss/articles/CBMiuwFBVV95cUxPSDAzTUxiM1ZyVWdZTUdrWVM5UmI4MmJfMEsteUYwVHZBUHd0X29VVmpUU3labk1DYTZTYzJwVTFLNmNVX2ZxX0hCXzlyMFdITHExTUtsMWROanF4dEZqYUxlb01vYkIwNVpzdk01dF9MMnFFOEhQTlg5RFptYzdXLVFCSkg3a2g2RmZqNWlfd1JKNkpCVGp2TWZnWXFjUUQwMFpKWW5xSW83ZlJpTUFRVUFpbTYzS2Nwb3lz?oc=5
2023-01-09,2023-01-09 03:00:00,The best game streaming services in 2023 - Tech Advisor,"<a href=""https://news.google.com/rss/articles/CBMiggFBVV95cUxOV2t6blBLaEItb1lfNlZlUGdRc0tpWVJRVl9PQnIwY1EwZkdoelBjcjZkTnZIM19vdFU3c2RJLThjcEVYTlVfZ1lXOXlZUEFCM3ZYYlBDUlBfbGIzVlhoaDhncGdTWDE1ZmRGWlFzQVo3Z1J3Mk9XOGE1LU4ySDltZVd3?oc=5"" target=""_blank"">The best game streaming services in 2023</a>&nbsp;&nbsp;<font color=""#6f6f6f"">Tech Advisor</font>",Tech Advisor,https://news.google.com/rss/articles/CBMiggFBVV95cUxOV2t6blBLaEItb1lfNlZlUGdRc0tpWVJRVl9PQnIwY1EwZkdoelBjcjZkTnZIM19vdFU3c2RJLThjcEVYTlVfZ1lXOXlZUEFCM3ZYYlBDUlBfbGIzVlhoaDhncGdTWDE1ZmRGWlFzQVo3Z1J3Mk9XOGE1LU4ySDltZVd3?oc=5
2023-01-09,2023-01-09 03:00:00,Stream games at 4K 120FPS from GeForce Now's Ultimate membership tier on almost any device - HardwareZone,"<a href=""https://news.google.com/rss/articles/CBMiqwFBVV95cUxOMjVGNkpLUERXS2ZiRFVoSXo4Y29CeFN5LUt4NGNxODJyQ1dna19DSzd3Z1FKb2xMYS03bTJiUy1SQ2hXQnV0cFlCTmVEUjNDRjRhQTBRMEtRc1lPWmZXMldXME8zLWIwS2pDSHFFXzV5ZVBPemJfdXZNOGNzLTBVd3FDWFJOWFZuUG9YWGFEQ3NLb0xNMC1Talc4d3NnQU1ySUJ5MjlQWDBJZXM?oc=5"" target=""_blank"">Stream games at 4K 120FPS from GeForce Now's Ultimate membership tier on almost any device</a>&nbsp;&nbsp;<font color=""#6f6f6f"">HardwareZone</font>",HardwareZone,https://news.google.com/rss/articles/CBMiqwFBVV95cUxOMjVGNkpLUERXS2ZiRFVoSXo4Y29CeFN5LUt4NGNxODJyQ1dna19DSzd3Z1FKb2xMYS03bTJiUy1SQ2hXQnV0cFlCTmVEUjNDRjRhQTBRMEtRc1lPWmZXMldXME8zLWIwS2pDSHFFXzV5ZVBPemJfdXZNOGNzLTBVd3FDWFJOWFZuUG9YWGFEQ3NLb0xNMC1Talc4d3NnQU1ySUJ5MjlQWDBJZXM?oc=5
2023-01-09,2023-01-09 03:00:00,LG 2023 TVs adds Amazon Luna and 4K res NVIDIA GeForce Now to its cloud gaming repertoire - HardwareZone,"<a href=""https://news.google.com/rss/articles/CBMixwFBVV95cUxOaHlnczJOZzloMEo2M05MQlJUVkZOWkJpMjVpWTR0X0dZWlo1YTRld0I5b1p6Xy1POGNCcmh2WGJMdXZFejNSSTZUZW5McFlKWU56blBPYTdvMlpiM3hVY2lyMy1PYV94SjdmVGM5YlJ5bldOaWxMdDk1dlh4YUZqdU83Ym9hekVLMUdwOU02elF3VWFVNGlja255THoxdWRGS2dEOHdqZERsczJXUmVtbWRTendhZjE1Nm91aWlScjBvY0o3cTA4?oc=5"" target=""_blank"">LG 2023 TVs adds Amazon Luna and 4K res NVIDIA GeForce Now to its cloud gaming repertoire</a>&nbsp;&nbsp;<font color=""#6f6f6f"">HardwareZone</font>",HardwareZone,https://news.google.com/rss/articles/CBMixwFBVV95cUxOaHlnczJOZzloMEo2M05MQlJUVkZOWkJpMjVpWTR0X0dZWlo1YTRld0I5b1p6Xy1POGNCcmh2WGJMdXZFejNSSTZUZW5McFlKWU56blBPYTdvMlpiM3hVY2lyMy1PYV94SjdmVGM5YlJ5bldOaWxMdDk1dlh4YUZqdU83Ym9hekVLMUdwOU02elF3VWFVNGlja255THoxdWRGS2dEOHdqZERsczJXUmVtbWRTendhZjE1Nm91aWlScjBvY0o3cTA4?oc=5
